-- phpMyAdmin SQL Dump
-- version 4.8.5
-- https://www.phpmyadmin.net/
--
-- Host: 127.0.0.1
-- Generation Time: Apr 10, 2019 at 03:38 PM
-- Server version: 10.1.38-MariaDB
-- PHP Version: 7.3.3

SET SQL_MODE = "NO_AUTO_VALUE_ON_ZERO";
SET AUTOCOMMIT = 0;
START TRANSACTION;
SET time_zone = "+00:00";


/*!40101 SET @OLD_CHARACTER_SET_CLIENT=@@CHARACTER_SET_CLIENT */;
/*!40101 SET @OLD_CHARACTER_SET_RESULTS=@@CHARACTER_SET_RESULTS */;
/*!40101 SET @OLD_COLLATION_CONNECTION=@@COLLATION_CONNECTION */;
/*!40101 SET NAMES utf8mb4 */;

--
-- Database: `nepalnews`
--

-- --------------------------------------------------------

--
-- Table structure for table `categories`
--

CREATE TABLE `categories` (
  `id` int(11) NOT NULL,
  `title` text COLLATE utf8_unicode_ci,
  `summary` text COLLATE utf8_unicode_ci,
  `status` enum('active','inactive') COLLATE utf8_unicode_ci DEFAULT 'active',
  `image` varchar(50) COLLATE utf8_unicode_ci DEFAULT NULL,
  `added_by` int(11) DEFAULT NULL,
  `created_at` datetime DEFAULT CURRENT_TIMESTAMP,
  `updated_at` datetime DEFAULT NULL ON UPDATE CURRENT_TIMESTAMP
) ENGINE=InnoDB DEFAULT CHARSET=utf8 COLLATE=utf8_unicode_ci;

--
-- Dumping data for table `categories`
--

INSERT INTO `categories` (`id`, `title`, `summary`, `status`, `image`, `added_by`, `created_at`, `updated_at`) VALUES
(1, 'समाचार', 'समाचार', 'active', '', 1, '2019-04-08 07:44:44', '2019-04-08 07:46:21'),
(2, 'विजनेश', 'विजनेश\r\n', 'active', NULL, 1, '2019-04-08 07:46:15', NULL),
(3, 'अर्थ', 'अर्थ', 'active', NULL, 1, '2019-04-08 07:46:58', NULL),
(4, 'समाज', 'समाज', 'active', NULL, 1, '2019-04-08 07:47:19', '2019-04-09 20:55:41'),
(5, 'मनोरञ्जन', 'मनोरञ्जन', 'active', NULL, 1, '2019-04-08 07:47:41', NULL),
(6, 'जीवनशैली', 'जीवनशैली', 'active', NULL, 1, '2019-04-08 07:48:07', NULL),
(7, 'स्वास्थ्य', 'स्वास्थ्य', 'active', NULL, 1, '2019-04-08 07:48:35', NULL),
(8, 'विश्व', 'विश्व', 'active', NULL, 1, '2019-04-08 07:49:16', NULL),
(9, 'खेलकुद', 'खेलकुद', 'active', NULL, 1, '2019-04-08 07:49:45', NULL),
(10, 'विज्ञान र प्रविधि', 'विज्ञान र प्रविधि', 'active', NULL, 1, '2019-04-08 07:50:57', NULL),
(11, 'कुराकानी', 'कुराकानी', 'active', NULL, 1, '2019-04-08 07:51:26', NULL);

-- --------------------------------------------------------

--
-- Table structure for table `galleries`
--

CREATE TABLE `galleries` (
  `id` int(11) NOT NULL,
  `title` text COLLATE utf8_unicode_ci,
  `summary` text COLLATE utf8_unicode_ci,
  `cover_image` text COLLATE utf8_unicode_ci,
  `status` enum('active','inactive') COLLATE utf8_unicode_ci DEFAULT 'active',
  `added_by` int(11) DEFAULT NULL,
  `created_at` datetime DEFAULT CURRENT_TIMESTAMP,
  `updated_at` datetime DEFAULT NULL ON UPDATE CURRENT_TIMESTAMP
) ENGINE=InnoDB DEFAULT CHARSET=utf8 COLLATE=utf8_unicode_ci;

--
-- Dumping data for table `galleries`
--

INSERT INTO `galleries` (`id`, `title`, `summary`, `cover_image`, `status`, `added_by`, `created_at`, `updated_at`) VALUES
(1, 'मौसम ', 'मौसम पूर्वानुमान प्रणाली भारतमा प्रभावकारी, नेपालमा उपकरण नै भएन', 'gallery-20190409042751225.jpg', 'active', 1, '2019-04-09 20:12:51', NULL),
(2, 'मौसम पूर्वानुमान प्रणाली भारतमा प्रभावकारी, नेपालमा उपकरण नै भएन', 'मौसम पूर्वानुमान प्रणाली भारतमा प्रभावकारी, नेपालमा उपकरण नै भएन', 'gallery-20190409045905364.jpg', 'active', 1, '2019-04-09 20:44:05', NULL),
(3, 'मौसम पूर्वानुमान प्रणाली भारतमा प्रभावकारी, नेपालमा उपकरण नै भएन', 'मौसम पूर्वानुमान प्रणाली भारतमा प्रभावकारी, नेपालमा उपकरण नै भएन', 'gallery-20190409045926341.jpg', 'active', 1, '2019-04-09 20:44:26', NULL),
(4, 'मौसम पूर्वानुमान प्रणाली भारतमा प्रभावकारी, नेपालमा उपकरण नै भएन', 'मौसम पूर्वानुमान प्रणाली भारतमा प्रभावकारी, नेपालमा उपकरण नै भएन', 'gallery-20190409045941904.jpg', 'active', 1, '2019-04-09 20:44:41', NULL);

-- --------------------------------------------------------

--
-- Table structure for table `gallery_images`
--

CREATE TABLE `gallery_images` (
  `id` int(11) NOT NULL,
  `gallery_id` int(11) NOT NULL,
  `image_name` text COLLATE utf8_unicode_ci
) ENGINE=InnoDB DEFAULT CHARSET=utf8 COLLATE=utf8_unicode_ci;

--
-- Dumping data for table `gallery_images`
--

INSERT INTO `gallery_images` (`id`, `gallery_id`, `image_name`) VALUES
(1, 1, 'Gallery-20190409042751515.jpg'),
(2, 1, 'Gallery-20190409042751993.jpg'),
(3, 1, 'Gallery-20190409042751623.jpg'),
(4, 2, 'Gallery-20190409045905704.jpg'),
(5, 2, 'Gallery-20190409045905837.jpg'),
(6, 2, 'Gallery-20190409045905839.jpg'),
(7, 2, 'Gallery-20190409045905979.jpg'),
(8, 3, 'Gallery-20190409045927328.jpg'),
(9, 3, 'Gallery-20190409045927503.jpg'),
(10, 3, 'Gallery-20190409045927834.jpg'),
(11, 4, 'Gallery-20190409045942457.jpg'),
(12, 4, 'Gallery-20190409045942301.jpg'),
(13, 4, 'Gallery-20190409045942527.jpg'),
(14, 4, 'Gallery-201904090459429.jpg'),
(15, 4, 'Gallery-20190409045942169.jpg');

-- --------------------------------------------------------

--
-- Table structure for table `news`
--

CREATE TABLE `news` (
  `id` bigint(20) UNSIGNED NOT NULL,
  `title` text COLLATE utf8_unicode_ci,
  `summary` text COLLATE utf8_unicode_ci,
  `description` text COLLATE utf8_unicode_ci,
  `cat_id` int(11) DEFAULT NULL,
  `location` text COLLATE utf8_unicode_ci,
  `image` varchar(100) COLLATE utf8_unicode_ci DEFAULT NULL,
  `news_date` text COLLATE utf8_unicode_ci,
  `reporter_id` int(10) UNSIGNED DEFAULT NULL,
  `is_sticky` tinyint(1) DEFAULT '0',
  `status` enum('published','unpublished') COLLATE utf8_unicode_ci DEFAULT 'published',
  `added_by` int(11) DEFAULT NULL,
  `created_at` datetime DEFAULT CURRENT_TIMESTAMP,
  `updated_at` datetime DEFAULT NULL ON UPDATE CURRENT_TIMESTAMP
) ENGINE=InnoDB DEFAULT CHARSET=utf8 COLLATE=utf8_unicode_ci;

--
-- Dumping data for table `news`
--

INSERT INTO `news` (`id`, `title`, `summary`, `description`, `cat_id`, `location`, `image`, `news_date`, `reporter_id`, `is_sticky`, `status`, `added_by`, `created_at`, `updated_at`) VALUES
(10, 'उपत्यकामा राति १० बजेसम्म गाडी', 'काठमाडौँ — काठमाडौं महानगरले राजधानीमा चल्ने सार्वजनिक यातायातका गाडीहरू राति १० बजेसम्म सञ्चालन गर्नुपर्ने अनिवार्य गरेको छ । अबको १५ दिनमा ऐन प्रमाणीकरण भई राजपत्रमा प्रकाशित भएपछि राति १० बजेसम्म सार्वजनिक साधन अनिवार्य सञ्चालन गर्नुपर्ने व्यवस्था लागू हुने जानकारी महानगरले दिएको छ ।', '&lt;p&gt;काठमाडौँ &mdash; काठमाडौं महानगरले राजधानीमा चल्ने सार्वजनिक यातायातका गाडीहरू राति १० बजेसम्म सञ्चालन गर्नुपर्ने अनिवार्य गरेको छ । अबको १५ दिनमा ऐन प्रमाणीकरण भई राजपत्रमा प्रकाशित भएपछि राति १० बजेसम्म सार्वजनिक साधन अनिवार्य सञ्चालन गर्नुपर्ने व्यवस्था लागू हुने जानकारी महानगरले दिएको छ ।&amp;nbsp;&lt;br&gt;काठमाडौं महानगरले सवारी तथा यातायात व्यवस्थापन ऐन २०७५ जारी गरी महानगरभित्रका रुटमा सञ्चालन हुने सार्वजनिक सवारी साधनले बिहान ५ देखि राति १० बजेसम्म सेवा सञ्चालन गर्नुपर्ने व्यवस्था गरेको हो । कात्तिकदेखि माघ मसान्तसम्म भने बसले बिहान ५ देखि राति ९ बजेसम्म सेवा दिनुपर्ने ऐनमा व्यवस्था गरिएको छ ।&amp;nbsp;&lt;br&gt;ऐनमा महानगरसँग स्वीकृति नलिई सार्वजनिक सवारी साधनमा कुनै विज्ञापन राख्न नपाइने, बसमा फोहोर फाल्ने भाँडो, अग्नि नियन्त्रक उपकरण अनिवार्य रूपमा राख्नुपर्ने व्यवस्था गरिएको छ ।&amp;nbsp;&lt;br&gt;चालक र सहचालकलाई पोसाक उपलब्ध गराउने, यात्रुका गुनासो सुन्ने र समस्या समाधान गर्ने व्यवस्था मिलाउनुपर्ने व्यवस्थासमेत ऐनमा गरिएको जानकारी महानगरका अधिकारीले दिएका छन् । ती अधिकारीका अनुसार सार्वजनिक सवारी साधनमा हुने विज्ञापनलाई करको दायरामा ल्याउन ऐनमा त्यस्तो व्यवस्था गरिएको हो । सार्वजनिक सवारी साधनमा प्राथमिक उपचार सामग्री अनिवार्य रूपमा राख्नुपर्ने व्यवस्थासमेत गरिएको छ ।&amp;nbsp;&lt;br&gt;चालकले जथाभावी यात्रु चढाउने र ओराल्ने नगर्ने, अश्लील नबोल्ने, यौनजन्य दुर्व्यवहार नगर्ने, मदिरा र सुर्तीजन्य वस्तुको प्रयोग नगर्ने दायित्व निर्वाह गर्नुपर्ने र नगरेमा कारबाही हुने व्यवस्थासमेत ऐनमा गरिएको छ ।&amp;nbsp;&lt;br&gt;ऐनमा मदिरा तथा सुर्तीजन्य वस्तुको सेवन नहुने, अश्लील बोल्न रोक लगाउने, यौनजन्य हिंसा हुन नदिने दायित्व सहचालकलाई हुने र भएमा कारबाही हुने व्यवस्था राखिएको छ ।&amp;nbsp;&lt;br&gt;ऐनमा यात्रुले अनिवार्य टिकट लिनुपर्ने, कागजी टिकटलाई विद्युतीय टिकटले प्रतिस्थापन गर्नुपर्ने, तोकिएको स्थानमा मात्र यात्रु चढाउने र ओराल्ने व्यवस्था अनिवार्य लागू गरिने भएको छ ।&lt;/p&gt;', 1, 'काठमाडौँ', 'news-20190408052833425.jpg', '२०७५-चैत-२५', 2, 1, 'published', 1, '2019-04-08 09:13:33', NULL),
(11, 'राति १० बजेसम्म गाडी', 'काठमाडौँ — काठमाडौं महानगरले राजधानीमा चल्ने सार्वजनिक यातायातका गाडीहरू राति १० बजेसम्म सञ्चालन गर्नुपर्ने अनिवार्य गरेको छ । अबको १५ दिनमा ऐन प्रमाणीकरण भई राजपत्रमा प्रकाशित भएपछि राति १० बजेसम्म सार्वजनिक साधन अनिवार्य सञ्चालन गर्नुपर्ने व्यवस्था लागू हुने जानकारी महानगरले दिएको छ । ', '&lt;p&gt;काठमाडौँ &mdash; काठमाडौं महानगरले राजधानीमा चल्ने सार्वजनिक यातायातका गाडीहरू राति १० बजेसम्म सञ्चालन गर्नुपर्ने अनिवार्य गरेको छ । अबको १५ दिनमा ऐन प्रमाणीकरण भई राजपत्रमा प्रकाशित भएपछि राति १० बजेसम्म सार्वजनिक साधन अनिवार्य सञ्चालन गर्नुपर्ने व्यवस्था लागू हुने जानकारी महानगरले दिएको छ ।&amp;nbsp;&lt;br&gt;काठमाडौं महानगरले सवारी तथा यातायात व्यवस्थापन ऐन २०७५ जारी गरी महानगरभित्रका रुटमा सञ्चालन हुने सार्वजनिक सवारी साधनले बिहान ५ देखि राति १० बजेसम्म सेवा सञ्चालन गर्नुपर्ने व्यवस्था गरेको हो । कात्तिकदेखि माघ मसान्तसम्म भने बसले बिहान ५ देखि राति ९ बजेसम्म सेवा दिनुपर्ने ऐनमा व्यवस्था गरिएको छ ।&amp;nbsp;&lt;br&gt;ऐनमा महानगरसँग स्वीकृति नलिई सार्वजनिक सवारी साधनमा कुनै विज्ञापन राख्न नपाइने, बसमा फोहोर फाल्ने भाँडो, अग्नि नियन्त्रक उपकरण अनिवार्य रूपमा राख्नुपर्ने व्यवस्था गरिएको छ ।&amp;nbsp;&lt;br&gt;चालक र सहचालकलाई पोसाक उपलब्ध गराउने, यात्रुका गुनासो सुन्ने र समस्या समाधान गर्ने व्यवस्था मिलाउनुपर्ने व्यवस्थासमेत ऐनमा गरिएको जानकारी महानगरका अधिकारीले दिएका छन् । ती अधिकारीका अनुसार सार्वजनिक सवारी साधनमा हुने विज्ञापनलाई करको दायरामा ल्याउन ऐनमा त्यस्तो व्यवस्था गरिएको हो । सार्वजनिक सवारी साधनमा प्राथमिक उपचार सामग्री अनिवार्य रूपमा राख्नुपर्ने व्यवस्थासमेत गरिएको छ ।&amp;nbsp;&lt;br&gt;चालकले जथाभावी यात्रु चढाउने र ओराल्ने नगर्ने, अश्लील नबोल्ने, यौनजन्य दुर्व्यवहार नगर्ने, मदिरा र सुर्तीजन्य वस्तुको प्रयोग नगर्ने दायित्व निर्वाह गर्नुपर्ने र नगरेमा कारबाही हुने व्यवस्थासमेत ऐनमा गरिएको छ ।&amp;nbsp;&lt;br&gt;ऐनमा मदिरा तथा सुर्तीजन्य वस्तुको सेवन नहुने, अश्लील बोल्न रोक लगाउने, यौनजन्य हिंसा हुन नदिने दायित्व सहचालकलाई हुने र भएमा कारबाही हुने व्यवस्था राखिएको छ ।&amp;nbsp;&lt;br&gt;ऐनमा यात्रुले अनिवार्य टिकट लिनुपर्ने, कागजी टिकटलाई विद्युतीय टिकटले प्रतिस्थापन गर्नुपर्ने, तोकिएको स्थानमा मात्र यात्रु चढाउने र ओराल्ने व्यवस्था अनिवार्य लागू गरिने भएको छ ।&lt;/p&gt;', 1, 'काठमाडौँ', 'news-20190408052955597.jpg', '२०७५-चैत-२५', 2, 0, 'published', 1, '2019-04-08 09:14:55', '2019-04-08 11:20:50'),
(12, 'उपत्यकामा राति ', 'काठमाडौँ — काठमाडौं महानगरले राजधानीमा चल्ने सार्वजनिक यातायातका गाडीहरू राति १० बजेसम्म सञ्चालन गर्नुपर्ने अनिवार्य गरेको छ । अबको १५ दिनमा ऐन प्रमाणीकरण भई राजपत्रमा प्रकाशित भएपछि राति १० बजेसम्म सार्वजनिक साधन अनिवार्य सञ्चालन गर्नुपर्ने व्यवस्था लागू हुने जानकारी महानगरले दिएको छ । ', '&lt;p&gt;काठमाडौँ &mdash; काठमाडौं महानगरले राजधानीमा चल्ने सार्वजनिक यातायातका गाडीहरू राति १० बजेसम्म सञ्चालन गर्नुपर्ने अनिवार्य गरेको छ । अबको १५ दिनमा ऐन प्रमाणीकरण भई राजपत्रमा प्रकाशित भएपछि राति १० बजेसम्म सार्वजनिक साधन अनिवार्य सञ्चालन गर्नुपर्ने व्यवस्था लागू हुने जानकारी महानगरले दिएको छ ।&amp;nbsp;&lt;br&gt;काठमाडौं महानगरले सवारी तथा यातायात व्यवस्थापन ऐन २०७५ जारी गरी महानगरभित्रका रुटमा सञ्चालन हुने सार्वजनिक सवारी साधनले बिहान ५ देखि राति १० बजेसम्म सेवा सञ्चालन गर्नुपर्ने व्यवस्था गरेको हो । कात्तिकदेखि माघ मसान्तसम्म भने बसले बिहान ५ देखि राति ९ बजेसम्म सेवा दिनुपर्ने ऐनमा व्यवस्था गरिएको छ ।&amp;nbsp;&lt;br&gt;ऐनमा महानगरसँग स्वीकृति नलिई सार्वजनिक सवारी साधनमा कुनै विज्ञापन राख्न नपाइने, बसमा फोहोर फाल्ने भाँडो, अग्नि नियन्त्रक उपकरण अनिवार्य रूपमा राख्नुपर्ने व्यवस्था गरिएको छ ।&amp;nbsp;&lt;br&gt;चालक र सहचालकलाई पोसाक उपलब्ध गराउने, यात्रुका गुनासो सुन्ने र समस्या समाधान गर्ने व्यवस्था मिलाउनुपर्ने व्यवस्थासमेत ऐनमा गरिएको जानकारी महानगरका अधिकारीले दिएका छन् । ती अधिकारीका अनुसार सार्वजनिक सवारी साधनमा हुने विज्ञापनलाई करको दायरामा ल्याउन ऐनमा त्यस्तो व्यवस्था गरिएको हो । सार्वजनिक सवारी साधनमा प्राथमिक उपचार सामग्री अनिवार्य रूपमा राख्नुपर्ने व्यवस्थासमेत गरिएको छ ।&amp;nbsp;&lt;br&gt;चालकले जथाभावी यात्रु चढाउने र ओराल्ने नगर्ने, अश्लील नबोल्ने, यौनजन्य दुर्व्यवहार नगर्ने, मदिरा र सुर्तीजन्य वस्तुको प्रयोग नगर्ने दायित्व निर्वाह गर्नुपर्ने र नगरेमा कारबाही हुने व्यवस्थासमेत ऐनमा गरिएको छ ।&amp;nbsp;&lt;br&gt;ऐनमा मदिरा तथा सुर्तीजन्य वस्तुको सेवन नहुने, अश्लील बोल्न रोक लगाउने, यौनजन्य हिंसा हुन नदिने दायित्व सहचालकलाई हुने र भएमा कारबाही हुने व्यवस्था राखिएको छ ।&amp;nbsp;&lt;br&gt;ऐनमा यात्रुले अनिवार्य टिकट लिनुपर्ने, कागजी टिकटलाई विद्युतीय टिकटले प्रतिस्थापन गर्नुपर्ने, तोकिएको स्थानमा मात्र यात्रु चढाउने र ओराल्ने व्यवस्था अनिवार्य लागू गरिने भएको छ ।&lt;/p&gt;', 1, 'काठमाडौँ', 'news-20190408053044709.jpg', '२०७५-चैत-२५', 2, 0, 'published', 1, '2019-04-08 09:15:44', '2019-04-08 11:21:06'),
(14, ' बजेसम्म गाडी', 'काठमाडौँ — काठमाडौं महानगरले राजधानीमा चल्ने सार्वजनिक यातायातका गाडीहरू राति १० बजेसम्म सञ्चालन गर्नुपर्ने अनिवार्य गरेको छ । अबको १५ दिनमा ऐन प्रमाणीकरण भई राजपत्रमा प्रकाशित भएपछि राति १० बजेसम्म सार्वजनिक साधन अनिवार्य सञ्चालन गर्नुपर्ने व्यवस्था लागू हुने जानकारी महानगरले दिएको छ । ', '&lt;p&gt;काठमाडौँ &mdash; काठमाडौं महानगरले राजधानीमा चल्ने सार्वजनिक यातायातका गाडीहरू राति १० बजेसम्म सञ्चालन गर्नुपर्ने अनिवार्य गरेको छ । अबको १५ दिनमा ऐन प्रमाणीकरण भई राजपत्रमा प्रकाशित भएपछि राति १० बजेसम्म सार्वजनिक साधन अनिवार्य सञ्चालन गर्नुपर्ने व्यवस्था लागू हुने जानकारी महानगरले दिएको छ ।&amp;nbsp;&lt;br&gt;काठमाडौं महानगरले सवारी तथा यातायात व्यवस्थापन ऐन २०७५ जारी गरी महानगरभित्रका रुटमा सञ्चालन हुने सार्वजनिक सवारी साधनले बिहान ५ देखि राति १० बजेसम्म सेवा सञ्चालन गर्नुपर्ने व्यवस्था गरेको हो । कात्तिकदेखि माघ मसान्तसम्म भने बसले बिहान ५ देखि राति ९ बजेसम्म सेवा दिनुपर्ने ऐनमा व्यवस्था गरिएको छ ।&amp;nbsp;&lt;br&gt;ऐनमा महानगरसँग स्वीकृति नलिई सार्वजनिक सवारी साधनमा कुनै विज्ञापन राख्न नपाइने, बसमा फोहोर फाल्ने भाँडो, अग्नि नियन्त्रक उपकरण अनिवार्य रूपमा राख्नुपर्ने व्यवस्था गरिएको छ ।&amp;nbsp;&lt;br&gt;चालक र सहचालकलाई पोसाक उपलब्ध गराउने, यात्रुका गुनासो सुन्ने र समस्या समाधान गर्ने व्यवस्था मिलाउनुपर्ने व्यवस्थासमेत ऐनमा गरिएको जानकारी महानगरका अधिकारीले दिएका छन् । ती अधिकारीका अनुसार सार्वजनिक सवारी साधनमा हुने विज्ञापनलाई करको दायरामा ल्याउन ऐनमा त्यस्तो व्यवस्था गरिएको हो । सार्वजनिक सवारी साधनमा प्राथमिक उपचार सामग्री अनिवार्य रूपमा राख्नुपर्ने व्यवस्थासमेत गरिएको छ ।&amp;nbsp;&lt;br&gt;चालकले जथाभावी यात्रु चढाउने र ओराल्ने नगर्ने, अश्लील नबोल्ने, यौनजन्य दुर्व्यवहार नगर्ने, मदिरा र सुर्तीजन्य वस्तुको प्रयोग नगर्ने दायित्व निर्वाह गर्नुपर्ने र नगरेमा कारबाही हुने व्यवस्थासमेत ऐनमा गरिएको छ ।&amp;nbsp;&lt;br&gt;ऐनमा मदिरा तथा सुर्तीजन्य वस्तुको सेवन नहुने, अश्लील बोल्न रोक लगाउने, यौनजन्य हिंसा हुन नदिने दायित्व सहचालकलाई हुने र भएमा कारबाही हुने व्यवस्था राखिएको छ ।&amp;nbsp;&lt;br&gt;ऐनमा यात्रुले अनिवार्य टिकट लिनुपर्ने, कागजी टिकटलाई विद्युतीय टिकटले प्रतिस्थापन गर्नुपर्ने, तोकिएको स्थानमा मात्र यात्रु चढाउने र ओराल्ने व्यवस्था अनिवार्य लागू गरिने भएको छ ।&lt;/p&gt;', 1, 'काठमाडौँ', 'news-2019040805330617.jpg', '२०७५-चैत-२५', 2, 0, 'published', 1, '2019-04-08 09:18:06', '2019-04-08 11:21:57'),
(15, '१० बजेसम्म गाडी', 'काठमाडौँ — काठमाडौं महानगरले राजधानीमा चल्ने सार्वजनिक यातायातका गाडीहरू राति १० बजेसम्म सञ्चालन गर्नुपर्ने अनिवार्य गरेको छ । अबको १५ दिनमा ऐन प्रमाणीकरण भई राजपत्रमा प्रकाशित भएपछि राति १० बजेसम्म सार्वजनिक साधन अनिवार्य सञ्चालन गर्नुपर्ने व्यवस्था लागू हुने जानकारी महानगरले दिएको छ । ', '&lt;p&gt;काठमाडौँ &mdash; काठमाडौं महानगरले राजधानीमा चल्ने सार्वजनिक यातायातका गाडीहरू राति १० बजेसम्म सञ्चालन गर्नुपर्ने अनिवार्य गरेको छ । अबको १५ दिनमा ऐन प्रमाणीकरण भई राजपत्रमा प्रकाशित भएपछि राति १० बजेसम्म सार्वजनिक साधन अनिवार्य सञ्चालन गर्नुपर्ने व्यवस्था लागू हुने जानकारी महानगरले दिएको छ ।&amp;nbsp;&lt;br&gt;काठमाडौं महानगरले सवारी तथा यातायात व्यवस्थापन ऐन २०७५ जारी गरी महानगरभित्रका रुटमा सञ्चालन हुने सार्वजनिक सवारी साधनले बिहान ५ देखि राति १० बजेसम्म सेवा सञ्चालन गर्नुपर्ने व्यवस्था गरेको हो । कात्तिकदेखि माघ मसान्तसम्म भने बसले बिहान ५ देखि राति ९ बजेसम्म सेवा दिनुपर्ने ऐनमा व्यवस्था गरिएको छ ।&amp;nbsp;&lt;br&gt;ऐनमा महानगरसँग स्वीकृति नलिई सार्वजनिक सवारी साधनमा कुनै विज्ञापन राख्न नपाइने, बसमा फोहोर फाल्ने भाँडो, अग्नि नियन्त्रक उपकरण अनिवार्य रूपमा राख्नुपर्ने व्यवस्था गरिएको छ ।&amp;nbsp;&lt;br&gt;चालक र सहचालकलाई पोसाक उपलब्ध गराउने, यात्रुका गुनासो सुन्ने र समस्या समाधान गर्ने व्यवस्था मिलाउनुपर्ने व्यवस्थासमेत ऐनमा गरिएको जानकारी महानगरका अधिकारीले दिएका छन् । ती अधिकारीका अनुसार सार्वजनिक सवारी साधनमा हुने विज्ञापनलाई करको दायरामा ल्याउन ऐनमा त्यस्तो व्यवस्था गरिएको हो । सार्वजनिक सवारी साधनमा प्राथमिक उपचार सामग्री अनिवार्य रूपमा राख्नुपर्ने व्यवस्थासमेत गरिएको छ ।&amp;nbsp;&lt;br&gt;चालकले जथाभावी यात्रु चढाउने र ओराल्ने नगर्ने, अश्लील नबोल्ने, यौनजन्य दुर्व्यवहार नगर्ने, मदिरा र सुर्तीजन्य वस्तुको प्रयोग नगर्ने दायित्व निर्वाह गर्नुपर्ने र नगरेमा कारबाही हुने व्यवस्थासमेत ऐनमा गरिएको छ ।&amp;nbsp;&lt;br&gt;ऐनमा मदिरा तथा सुर्तीजन्य वस्तुको सेवन नहुने, अश्लील बोल्न रोक लगाउने, यौनजन्य हिंसा हुन नदिने दायित्व सहचालकलाई हुने र भएमा कारबाही हुने व्यवस्था राखिएको छ ।&amp;nbsp;&lt;br&gt;ऐनमा यात्रुले अनिवार्य टिकट लिनुपर्ने, कागजी टिकटलाई विद्युतीय टिकटले प्रतिस्थापन गर्नुपर्ने, तोकिएको स्थानमा मात्र यात्रु चढाउने र ओराल्ने व्यवस्था अनिवार्य लागू गरिने भएको छ ।&lt;/p&gt;', 2, 'काठमाडौँ', 'news-20190408053446812.jpg', '२०७५-चैत-२५', 2, 0, 'published', 1, '2019-04-08 09:19:46', '2019-04-08 11:23:03'),
(16, 'खट जुटाएर जात्रा ', 'काठमाडौँ — पिसाच चतुदर्शी अथवा पाहाँ चःह्रे । सामान्यतः यस चाडलाई घोडेजात्राको रूपमा लिन्छन् । तर, वास्तविकता भने अर्कै छ । यसको पुष्टि जात्राको अन्तिम दिन राजधानीका विभिन्न स्थानमा रहेका अष्टमातृका देवीको खटजात्राले देखाउँछ ।', '&lt;p&gt;काठमाडौँ &mdash; पिसाच चतुदर्शी अथवा पाहाँ चःह्रे । सामान्यतः यस चाडलाई घोडेजात्राको रूपमा लिन्छन् । तर, वास्तविकता भने अर्कै छ । यसको पुष्टि जात्राको अन्तिम दिन राजधानीका विभिन्न स्थानमा रहेका अष्टमातृका देवीको खटजात्राले देखाउँछ ।&amp;nbsp;&lt;br&gt;पहाँ चःह्रे पर्वको अन्तिम दिन शनिबार राजधानीको असनमा निकालिएका विभिन्न अजिमाका पाल्कीहरूसहित धर्मावलम्बीहरू ।तस्बिर : संजोग मानन्धर/कान्तिपुर&amp;nbsp;&lt;br&gt;जात्रासम्बन्धी जानकार अर्बिन सिंह भन्छन्, &lsquo;राजा गुणकामदेवले काठमाडौं सहर खड्ग आकारमा बसाल्दा नगरको सुरक्षार्थका लागि विभिन्न स्थानमा आठवटा अष्टमातृका देवगण पनि स्थापना गरेका थिए । यो जाक्रा राजा गुणकामदेवको योगदानको कदर र अष्टमातृकाको शत्ति नवीकरण हो ।&rsquo;&amp;nbsp;&lt;br&gt;त्यति बेला नगरको सुरक्षार्थ स्थापित अजिकाहरू (अष्टमातृका) भद्रकाली, श्वेतकाली, टंकेश्वरी, कंकेश्वरी, मैतीदेवी, उग्रतारा, लुँचुभुलु अजिमा र बटला अजिमा थिए ।&amp;nbsp;&lt;br&gt;जात्रामा असन चोकमा भद्रकालीको दुईवटा र कंकेश्वरीको एउटा गरेर तीनवटा खट जुटाएर जात्रा गर्नुलाई विषेश मानिन्छ । यसलाई जनजिब्रोमा देवीहरूको खट जुटाउने भन्ने चलन छ । त्यस्तै, नरदेवीस्थित डबलीमा श्वेतकाली देवीनाच देखाइएको छ ।&amp;nbsp;&lt;br&gt;नरदेवी श्रीश्वेतकाली संरक्षण तथा व्यवस्थापन समितिका अनुसार नाच मल्लकालीन &lsquo;सिस्टर सिटीहरू&rsquo; मा देखाउने परम्पराअनुसार नरदेवीस्थित डबलीमा देखाइएको हो । समितिका अध्यक्ष सत्यनारायण डंगोलले नरदेवी डबलीमा प्रस्थान गर्नुअघि देवता घरमा विधिवत् सिद्धि पूजा गरिएको बताए ।&amp;nbsp;&lt;br&gt;श्वेतकाली (नरदेवी) लाई झल्लरवाला छत्रले ओढाई विशेष सम्मान दिइएको थियो । नाच सम्पूर्ण देवतालाई साधन गरी राखिएको कलशलाई शिव द्यः (मुख्य देवता) लाई केन्द्रबिन्दु बनाएर प्रदर्शन गरिएको थियो ।&lt;/p&gt;', 5, 'काठमाडौँ', 'news-20190408053711446.jpg', '२०७५-चैत-२५', 2, 0, 'published', 1, '2019-04-08 09:22:11', NULL),
(17, 'गाडी  उपत्यकामा राति १० ', 'काठमाडौँ — काठमाडौं महानगरले राजधानीमा चल्ने सार्वजनिक यातायातका गाडीहरू राति १० बजेसम्म सञ्चालन गर्नुपर्ने अनिवार्य गरेको छ । अबको १५ दिनमा ऐन प्रमाणीकरण भई राजपत्रमा प्रकाशित भएपछि राति १० बजेसम्म सार्वजनिक साधन अनिवार्य सञ्चालन गर्नुपर्ने व्यवस्था लागू हुने जानकारी महानगरले दिएको छ ।', '&lt;p&gt;काठमाडौँ &mdash; काठमाडौं महानगरले राजधानीमा चल्ने सार्वजनिक यातायातका गाडीहरू राति १० बजेसम्म सञ्चालन गर्नुपर्ने अनिवार्य गरेको छ । अबको १५ दिनमा ऐन प्रमाणीकरण भई राजपत्रमा प्रकाशित भएपछि राति १० बजेसम्म सार्वजनिक साधन अनिवार्य सञ्चालन गर्नुपर्ने व्यवस्था लागू हुने जानकारी महानगरले दिएको छ ।&amp;nbsp;&lt;br&gt;काठमाडौं महानगरले सवारी तथा यातायात व्यवस्थापन ऐन २०७५ जारी गरी महानगरभित्रका रुटमा सञ्चालन हुने सार्वजनिक सवारी साधनले बिहान ५ देखि राति १० बजेसम्म सेवा सञ्चालन गर्नुपर्ने व्यवस्था गरेको हो । कात्तिकदेखि माघ मसान्तसम्म भने बसले बिहान ५ देखि राति ९ बजेसम्म सेवा दिनुपर्ने ऐनमा व्यवस्था गरिएको छ ।&amp;nbsp;&lt;br&gt;ऐनमा महानगरसँग स्वीकृति नलिई सार्वजनिक सवारी साधनमा कुनै विज्ञापन राख्न नपाइने, बसमा फोहोर फाल्ने भाँडो, अग्नि नियन्त्रक उपकरण अनिवार्य रूपमा राख्नुपर्ने व्यवस्था गरिएको छ ।&amp;nbsp;&lt;br&gt;चालक र सहचालकलाई पोसाक उपलब्ध गराउने, यात्रुका गुनासो सुन्ने र समस्या समाधान गर्ने व्यवस्था मिलाउनुपर्ने व्यवस्थासमेत ऐनमा गरिएको जानकारी महानगरका अधिकारीले दिएका छन् । ती अधिकारीका अनुसार सार्वजनिक सवारी साधनमा हुने विज्ञापनलाई करको दायरामा ल्याउन ऐनमा त्यस्तो व्यवस्था गरिएको हो । सार्वजनिक सवारी साधनमा प्राथमिक उपचार सामग्री अनिवार्य रूपमा राख्नुपर्ने व्यवस्थासमेत गरिएको छ ।&amp;nbsp;&lt;br&gt;चालकले जथाभावी यात्रु चढाउने र ओराल्ने नगर्ने, अश्लील नबोल्ने, यौनजन्य दुर्व्यवहार नगर्ने, मदिरा र सुर्तीजन्य वस्तुको प्रयोग नगर्ने दायित्व निर्वाह गर्नुपर्ने र नगरेमा कारबाही हुने व्यवस्थासमेत ऐनमा गरिएको छ ।&amp;nbsp;&lt;br&gt;ऐनमा मदिरा तथा सुर्तीजन्य वस्तुको सेवन नहुने, अश्लील बोल्न रोक लगाउने, यौनजन्य हिंसा हुन नदिने दायित्व सहचालकलाई हुने र भएमा कारबाही हुने व्यवस्था राखिएको छ ।&amp;nbsp;&lt;br&gt;ऐनमा यात्रुले अनिवार्य टिकट लिनुपर्ने, कागजी टिकटलाई विद्युतीय टिकटले प्रतिस्थापन गर्नुपर्ने, तोकिएको स्थानमा मात्र यात्रु चढाउने र ओराल्ने व्यवस्था अनिवार्य लागू गरिने भएको छ ।&lt;/p&gt;', 1, 'काठमाडौँ', 'news-20190408054215387.jpg', '२०७५-चैत-२५', 2, 0, 'published', 1, '2019-04-08 09:27:15', '2019-04-08 11:24:05'),
(18, 'खट जुटाएर जात्रा ', 'काठमाडौँ — पिसाच चतुदर्शी अथवा पाहाँ चःह्रे । सामान्यतः यस चाडलाई घोडेजात्राको रूपमा लिन्छन् । तर, वास्तविकता भने अर्कै छ । यसको पुष्टि जात्राको अन्तिम दिन राजधानीका विभिन्न स्थानमा रहेका अष्टमातृका देवीको खटजात्राले देखाउँछ ।', '&lt;p&gt;काठमाडौँ &mdash; पिसाच चतुदर्शी अथवा पाहाँ चःह्रे । सामान्यतः यस चाडलाई घोडेजात्राको रूपमा लिन्छन् । तर, वास्तविकता भने अर्कै छ । यसको पुष्टि जात्राको अन्तिम दिन राजधानीका विभिन्न स्थानमा रहेका अष्टमातृका देवीको खटजात्राले देखाउँछ ।&amp;nbsp;&lt;br&gt;पहाँ चःह्रे पर्वको अन्तिम दिन शनिबार राजधानीको असनमा निकालिएका विभिन्न अजिमाका पाल्कीहरूसहित धर्मावलम्बीहरू ।तस्बिर : संजोग मानन्धर/कान्तिपुर&amp;nbsp;&lt;br&gt;जात्रासम्बन्धी जानकार अर्बिन सिंह भन्छन्, &lsquo;राजा गुणकामदेवले काठमाडौं सहर खड्ग आकारमा बसाल्दा नगरको सुरक्षार्थका लागि विभिन्न स्थानमा आठवटा अष्टमातृका देवगण पनि स्थापना गरेका थिए । यो जाक्रा राजा गुणकामदेवको योगदानको कदर र अष्टमातृकाको शत्ति नवीकरण हो ।&rsquo;&amp;nbsp;&lt;br&gt;त्यति बेला नगरको सुरक्षार्थ स्थापित अजिकाहरू (अष्टमातृका) भद्रकाली, श्वेतकाली, टंकेश्वरी, कंकेश्वरी, मैतीदेवी, उग्रतारा, लुँचुभुलु अजिमा र बटला अजिमा थिए ।&amp;nbsp;&lt;br&gt;जात्रामा असन चोकमा भद्रकालीको दुईवटा र कंकेश्वरीको एउटा गरेर तीनवटा खट जुटाएर जात्रा गर्नुलाई विषेश मानिन्छ । यसलाई जनजिब्रोमा देवीहरूको खट जुटाउने भन्ने चलन छ । त्यस्तै, नरदेवीस्थित डबलीमा श्वेतकाली देवीनाच देखाइएको छ ।&amp;nbsp;&lt;br&gt;नरदेवी श्रीश्वेतकाली संरक्षण तथा व्यवस्थापन समितिका अनुसार नाच मल्लकालीन &lsquo;सिस्टर सिटीहरू&rsquo; मा देखाउने परम्पराअनुसार नरदेवीस्थित डबलीमा देखाइएको हो । समितिका अध्यक्ष सत्यनारायण डंगोलले नरदेवी डबलीमा प्रस्थान गर्नुअघि देवता घरमा विधिवत् सिद्धि पूजा गरिएको बताए ।&amp;nbsp;&lt;br&gt;श्वेतकाली (नरदेवी) लाई झल्लरवाला छत्रले ओढाई विशेष सम्मान दिइएको थियो । नाच सम्पूर्ण देवतालाई साधन गरी राखिएको कलशलाई शिव द्यः (मुख्य देवता) लाई केन्द्रबिन्दु बनाएर प्रदर्शन गरिएको थियो ।&lt;/p&gt;', 5, 'काठमाडौँ', 'news-2019040805481685.jpg', '२०७५-चैत-२५', 2, 0, 'published', 1, '2019-04-08 09:33:16', NULL),
(19, 'खट जुटाएर जात्रा ', 'काठमाडौँ — पिसाच चतुदर्शी अथवा पाहाँ चःह्रे । सामान्यतः यस चाडलाई घोडेजात्राको रूपमा लिन्छन् । तर, वास्तविकता भने अर्कै छ । यसको पुष्टि जात्राको अन्तिम दिन राजधानीका विभिन्न स्थानमा रहेका अष्टमातृका देवीको खटजात्राले देखाउँछ । ', '&lt;p&gt;काठमाडौँ &mdash; पिसाच चतुदर्शी अथवा पाहाँ चःह्रे । सामान्यतः यस चाडलाई घोडेजात्राको रूपमा लिन्छन् । तर, वास्तविकता भने अर्कै छ । यसको पुष्टि जात्राको अन्तिम दिन राजधानीका विभिन्न स्थानमा रहेका अष्टमातृका देवीको खटजात्राले देखाउँछ ।&amp;nbsp;&lt;br&gt;पहाँ चःह्रे पर्वको अन्तिम दिन शनिबार राजधानीको असनमा निकालिएका विभिन्न अजिमाका पाल्कीहरूसहित धर्मावलम्बीहरू ।तस्बिर : संजोग मानन्धर/कान्तिपुर&amp;nbsp;&lt;br&gt;जात्रासम्बन्धी जानकार अर्बिन सिंह भन्छन्, &lsquo;राजा गुणकामदेवले काठमाडौं सहर खड्ग आकारमा बसाल्दा नगरको सुरक्षार्थका लागि विभिन्न स्थानमा आठवटा अष्टमातृका देवगण पनि स्थापना गरेका थिए । यो जाक्रा राजा गुणकामदेवको योगदानको कदर र अष्टमातृकाको शत्ति नवीकरण हो ।&rsquo;&amp;nbsp;&lt;br&gt;त्यति बेला नगरको सुरक्षार्थ स्थापित अजिकाहरू (अष्टमातृका) भद्रकाली, श्वेतकाली, टंकेश्वरी, कंकेश्वरी, मैतीदेवी, उग्रतारा, लुँचुभुलु अजिमा र बटला अजिमा थिए ।&amp;nbsp;&lt;br&gt;जात्रामा असन चोकमा भद्रकालीको दुईवटा र कंकेश्वरीको एउटा गरेर तीनवटा खट जुटाएर जात्रा गर्नुलाई विषेश मानिन्छ । यसलाई जनजिब्रोमा देवीहरूको खट जुटाउने भन्ने चलन छ । त्यस्तै, नरदेवीस्थित डबलीमा श्वेतकाली देवीनाच देखाइएको छ ।&amp;nbsp;&lt;br&gt;नरदेवी श्रीश्वेतकाली संरक्षण तथा व्यवस्थापन समितिका अनुसार नाच मल्लकालीन &lsquo;सिस्टर सिटीहरू&rsquo; मा देखाउने परम्पराअनुसार नरदेवीस्थित डबलीमा देखाइएको हो । समितिका अध्यक्ष सत्यनारायण डंगोलले नरदेवी डबलीमा प्रस्थान गर्नुअघि देवता घरमा विधिवत् सिद्धि पूजा गरिएको बताए ।&amp;nbsp;&lt;br&gt;श्वेतकाली (नरदेवी) लाई झल्लरवाला छत्रले ओढाई विशेष सम्मान दिइएको थियो । नाच सम्पूर्ण देवतालाई साधन गरी राखिएको कलशलाई शिव द्यः (मुख्य देवता) लाई केन्द्रबिन्दु बनाएर प्रदर्शन गरिएको थियो ।&lt;/p&gt;', 5, 'काठमाडौँ', 'news-2019040805491861.jpg', '२०७५-चैत-२५', 2, 0, 'published', 1, '2019-04-08 09:34:18', NULL),
(20, 'खट जुटाएर जात्रा ', 'काठमाडौँ — पिसाच चतुदर्शी अथवा पाहाँ चःह्रे । सामान्यतः यस चाडलाई घोडेजात्राको रूपमा लिन्छन् । तर, वास्तविकता भने अर्कै छ । यसको पुष्टि जात्राको अन्तिम दिन राजधानीका विभिन्न स्थानमा रहेका अष्टमातृका देवीको खटजात्राले देखाउँछ । ', '&lt;p&gt;काठमाडौँ &mdash; पिसाच चतुदर्शी अथवा पाहाँ चःह्रे । सामान्यतः यस चाडलाई घोडेजात्राको रूपमा लिन्छन् । तर, वास्तविकता भने अर्कै छ । यसको पुष्टि जात्राको अन्तिम दिन राजधानीका विभिन्न स्थानमा रहेका अष्टमातृका देवीको खटजात्राले देखाउँछ ।&amp;nbsp;&lt;br&gt;पहाँ चःह्रे पर्वको अन्तिम दिन शनिबार राजधानीको असनमा निकालिएका विभिन्न अजिमाका पाल्कीहरूसहित धर्मावलम्बीहरू ।तस्बिर : संजोग मानन्धर/कान्तिपुर&amp;nbsp;&lt;br&gt;जात्रासम्बन्धी जानकार अर्बिन सिंह भन्छन्, &lsquo;राजा गुणकामदेवले काठमाडौं सहर खड्ग आकारमा बसाल्दा नगरको सुरक्षार्थका लागि विभिन्न स्थानमा आठवटा अष्टमातृका देवगण पनि स्थापना गरेका थिए । यो जाक्रा राजा गुणकामदेवको योगदानको कदर र अष्टमातृकाको शत्ति नवीकरण हो ।&rsquo;&amp;nbsp;&lt;br&gt;त्यति बेला नगरको सुरक्षार्थ स्थापित अजिकाहरू (अष्टमातृका) भद्रकाली, श्वेतकाली, टंकेश्वरी, कंकेश्वरी, मैतीदेवी, उग्रतारा, लुँचुभुलु अजिमा र बटला अजिमा थिए ।&amp;nbsp;&lt;br&gt;जात्रामा असन चोकमा भद्रकालीको दुईवटा र कंकेश्वरीको एउटा गरेर तीनवटा खट जुटाएर जात्रा गर्नुलाई विषेश मानिन्छ । यसलाई जनजिब्रोमा देवीहरूको खट जुटाउने भन्ने चलन छ । त्यस्तै, नरदेवीस्थित डबलीमा श्वेतकाली देवीनाच देखाइएको छ ।&amp;nbsp;&lt;br&gt;नरदेवी श्रीश्वेतकाली संरक्षण तथा व्यवस्थापन समितिका अनुसार नाच मल्लकालीन &lsquo;सिस्टर सिटीहरू&rsquo; मा देखाउने परम्पराअनुसार नरदेवीस्थित डबलीमा देखाइएको हो । समितिका अध्यक्ष सत्यनारायण डंगोलले नरदेवी डबलीमा प्रस्थान गर्नुअघि देवता घरमा विधिवत् सिद्धि पूजा गरिएको बताए ।&amp;nbsp;&lt;br&gt;श्वेतकाली (नरदेवी) लाई झल्लरवाला छत्रले ओढाई विशेष सम्मान दिइएको थियो । नाच सम्पूर्ण देवतालाई साधन गरी राखिएको कलशलाई शिव द्यः (मुख्य देवता) लाई केन्द्रबिन्दु बनाएर प्रदर्शन गरिएको थियो ।&lt;/p&gt;', 5, 'काठमाडौँ', 'news-20190408054952730.jpg', '२०७५-चैत-२५', 2, 0, 'published', 1, '2019-04-08 09:34:52', NULL),
(27, 'बेलायत ईयूबाट बहिरिनका लागि थप समय माग्ने तयारी', 'लन्डन — बेलायती प्रधानमन्त्री टेरेजा मेले संसदमा उत्पन्न गतिरोध अन्त्यका लागि युरोपेली संघ (ईयू) छाड्ने मिति पर सार्न ईयूलाई आग्रह गर्ने जनाएकी छिन् । मेले प्रधानमन्त्री कार्यालय टेन डाउनिंग स्ट्रिटमा धारा ५० को म्याद बढाउन ईयूलाई अनुरोध गरिने जनाएकी हुन् । यद्यपी उनले यो मिति सकभर छोटो हुने र २२ मे अघि नै हुनेमा जोड दिइन् । त्यसो गर्दा बेलायतले युरोपेली संसदको चुनाव गराउनुपर्ने छैन । ', '&lt;p&gt;लन्डन &mdash; बेलायती प्रधानमन्त्री टेरेजा मेले संसदमा उत्पन्न गतिरोध अन्त्यका लागि युरोपेली संघ (ईयू) छाड्ने मिति पर सार्न ईयूलाई आग्रह गर्ने जनाएकी छिन् । मेले प्रधानमन्त्री कार्यालय टेन डाउनिंग स्ट्रिटमा धारा ५० को म्याद बढाउन ईयूलाई अनुरोध गरिने जनाएकी हुन् ।&amp;nbsp;&lt;br&gt;यद्यपी उनले यो मिति सकभर छोटो हुने र २२ मे अघि नै हुनेमा जोड दिइन् । त्यसो गर्दा बेलायतले युरोपेली संसदको चुनाव गराउनुपर्ने छैन ।&amp;nbsp;&lt;br&gt;उनले ईयूसँग भविष्यमा कस्तो सम्बन्ध राख्ने बारेमा एउटा सहमति बनाउन विपक्षी लेबर पार्टीका नेता जेरेमी कोर्बिनलाई आफूले भेट्न चाहेको पनि बताएकी छिन् ।&amp;nbsp;&lt;br&gt;बीबीसीका अनुसार, प्रधानमन्त्री मेले मंगलबार आफ्नो क्याबिनेटका सदस्यहरुसँग सात घण्टाभन्दा लामो समय छलफल गरेपछि ईयूसँग सम्झौतासहित बाहिरिन समय बढाउन आवश्यक भएको बताउँदै कोर्बिनसँग सहमतिका लागि भेट्ने बताएकी थिइन् ।&amp;nbsp;&lt;br&gt;&lsquo;बिना सम्झौता बहिगर्मन भएपनि दीर्घकालिन रुपमा हामीलाई फाइदा छ भन्नेमा म सधैं स्पष्ट थिएँ । तर, सम्झौतासहित अलग्गिनु उत्कृष्ट समाधान हो,&rsquo; मेले आफ्नो कार्यालयमा भनिन् ।&amp;nbsp;&lt;br&gt;नेता कोर्बिनले ब्रेक्जिट योजनामा प्रधानमन्त्रीलाई भेट्न आफू उत्सुक भएको प्रतिक्रिया दिएका छन् ।&amp;nbsp;&lt;br&gt;मेले कोर्बिनसँग एउटा सम्झौता हुने आशा गरेकी छन् जसलाई अप्रिल १० को युरोपियन काउन्सिल समिटअघि बेलायती संसदमा अनुमोदनका लागि लगिनेछ । यसअघि ब्रिटेन यूरोपेली संघबाट बाहिरिने सम्बन्धी सम्झौता (ब्रेक्जिट) तीनपटकसम्म अस्वीकृत भइसकेको छ ।&amp;nbsp;&lt;br&gt;बेलायतले यही १२ अप्रिलसम्ममा ईयूलाई नयाँ प्रस्ताव नगरेमा बेलायत बिना कुनै सम्झौता ईयूबाट बाहिरिनेछ । बेलायत बहिगर्मन हुने पूर्व निर्धारित समयसीमा २९ मार्च भएपनि प्रक्रिया विलम्ब भएपछि इयूले केही समय थपेको हो ।&amp;nbsp;&lt;br&gt;बिना सम्झौता बाहिरिने अवस्था आएपनि युरोपियन युनियनले बेलायतसँग १० बिलियन युरो माग्ने भएको छ । बेलायतले ईयूलाई सन् २०१९ का लागि कुल बजेट योगदान स्वरुप १७ दशमलव ४९ बिलियन युरो तिर्नुपर्नेमा बेलायतले अहिलेसम्म ७ दशमलव २ बिलियन युरोमात्र तिरेको छ । बक्यौता रकम इयूले तत्काल खोजेको समाचारमा उल्लेख छ ।&amp;nbsp;&lt;br&gt;सन् २०१६ जुनमा बेलायती जनताले इयूबाट अलग्गिने पक्षमा बढी मत दिएयता सुरु भएको ब्रेक्जिट प्रक्रिया अझै अन्योलमा छ । प्रधानमन्त्री मेले गत नोभेम्बर २०१८ मा इयूसँग गरेको सम्झौता बेलायती संसदले तेस्रोपटक अस्वीकृत गरिसकेको छ भने यसले संसद नै विभाजित हुन पुगेको छ ।&lt;/p&gt;', 8, 'लन्डन', 'news-20190408073454618.jpg', '२०७५-चैत-२५', 2, 0, 'published', 1, '2019-04-08 11:19:54', NULL),
(28, 'बेलायत ईयूबाट बहिरिनका लागि', 'लन्डन — बेलायती प्रधानमन्त्री टेरेजा मेले संसदमा उत्पन्न गतिरोध अन्त्यका लागि युरोपेली संघ (ईयू) छाड्ने मिति पर सार्न ईयूलाई आग्रह गर्ने जनाएकी छिन् । मेले प्रधानमन्त्री कार्यालय टेन डाउनिंग स्ट्रिटमा धारा ५० को म्याद बढाउन ईयूलाई अनुरोध गरिने जनाएकी हुन् ।\r\nयद्यपी उनले यो मिति सकभर छोटो हुने र २२ मे अघि नै हुनेमा जोड दिइन् ।', '&lt;p&gt;लन्डन &mdash; बेलायती प्रधानमन्त्री टेरेजा मेले संसदमा उत्पन्न गतिरोध अन्त्यका लागि युरोपेली संघ (ईयू) छाड्ने मिति पर सार्न ईयूलाई आग्रह गर्ने जनाएकी छिन् । मेले प्रधानमन्त्री कार्यालय टेन डाउनिंग स्ट्रिटमा धारा ५० को म्याद बढाउन ईयूलाई अनुरोध गरिने जनाएकी हुन् ।&amp;nbsp;&lt;br&gt;यद्यपी उनले यो मिति सकभर छोटो हुने र २२ मे अघि नै हुनेमा जोड दिइन् । त्यसो गर्दा बेलायतले युरोपेली संसदको चुनाव गराउनुपर्ने छैन ।&amp;nbsp;&lt;br&gt;उनले ईयूसँग भविष्यमा कस्तो सम्बन्ध राख्ने बारेमा एउटा सहमति बनाउन विपक्षी लेबर पार्टीका नेता जेरेमी कोर्बिनलाई आफूले भेट्न चाहेको पनि बताएकी छिन् ।&amp;nbsp;&lt;br&gt;बीबीसीका अनुसार, प्रधानमन्त्री मेले मंगलबार आफ्नो क्याबिनेटका सदस्यहरुसँग सात घण्टाभन्दा लामो समय छलफल गरेपछि ईयूसँग सम्झौतासहित बाहिरिन समय बढाउन आवश्यक भएको बताउँदै कोर्बिनसँग सहमतिका लागि भेट्ने बताएकी थिइन् ।&amp;nbsp;&lt;br&gt;&lsquo;बिना सम्झौता बहिगर्मन भएपनि दीर्घकालिन रुपमा हामीलाई फाइदा छ भन्नेमा म सधैं स्पष्ट थिएँ । तर, सम्झौतासहित अलग्गिनु उत्कृष्ट समाधान हो,&rsquo; मेले आफ्नो कार्यालयमा भनिन् ।&amp;nbsp;&lt;br&gt;नेता कोर्बिनले ब्रेक्जिट योजनामा प्रधानमन्त्रीलाई भेट्न आफू उत्सुक भएको प्रतिक्रिया दिएका छन् ।&amp;nbsp;&lt;br&gt;मेले कोर्बिनसँग एउटा सम्झौता हुने आशा गरेकी छन् जसलाई अप्रिल १० को युरोपियन काउन्सिल समिटअघि बेलायती संसदमा अनुमोदनका लागि लगिनेछ । यसअघि ब्रिटेन यूरोपेली संघबाट बाहिरिने सम्बन्धी सम्झौता (ब्रेक्जिट) तीनपटकसम्म अस्वीकृत भइसकेको छ ।&amp;nbsp;&lt;br&gt;बेलायतले यही १२ अप्रिलसम्ममा ईयूलाई नयाँ प्रस्ताव नगरेमा बेलायत बिना कुनै सम्झौता ईयूबाट बाहिरिनेछ । बेलायत बहिगर्मन हुने पूर्व निर्धारित समयसीमा २९ मार्च भएपनि प्रक्रिया विलम्ब भएपछि इयूले केही समय थपेको हो ।&amp;nbsp;&lt;br&gt;बिना सम्झौता बाहिरिने अवस्था आएपनि युरोपियन युनियनले बेलायतसँग १० बिलियन युरो माग्ने भएको छ । बेलायतले ईयूलाई सन् २०१९ का लागि कुल बजेट योगदान स्वरुप १७ दशमलव ४९ बिलियन युरो तिर्नुपर्नेमा बेलायतले अहिलेसम्म ७ दशमलव २ बिलियन युरोमात्र तिरेको छ । बक्यौता रकम इयूले तत्काल खोजेको समाचारमा उल्लेख छ ।&amp;nbsp;&lt;br&gt;सन् २०१६ जुनमा बेलायती जनताले इयूबाट अलग्गिने पक्षमा बढी मत दिएयता सुरु भएको ब्रेक्जिट प्रक्रिया अझै अन्योलमा छ । प्रधानमन्त्री मेले गत नोभेम्बर २०१८ मा इयूसँग गरेको सम्झौता बेलायती संसदले तेस्रोपटक अस्वीकृत गरिसकेको छ भने यसले संसद नै विभाजित हुन पुगेको छ ।&lt;/p&gt;', 8, 'लन्डन', 'news-20190408084550641.jpg', '२०७५-चैत-२५', 2, 0, 'published', 1, '2019-04-08 12:30:50', NULL),
(29, 'उपत्यकामा राति ', 'लन्डन — बेलायती प्रधानमन्त्री टेरेजा मेले संसदमा उत्पन्न गतिरोध अन्त्यका लागि युरोपेली संघ (ईयू) छाड्ने मिति पर सार्न ईयूलाई आग्रह गर्ने जनाएकी छिन् । मेले प्रधानमन्त्री कार्यालय टेन डाउनिंग स्ट्रिटमा धारा ५० को म्याद बढाउन ईयूलाई अनुरोध गरिने जनाएकी हुन् । ', '&lt;p&gt;लन्डन &mdash; बेलायती प्रधानमन्त्री टेरेजा मेले संसदमा उत्पन्न गतिरोध अन्त्यका लागि युरोपेली संघ (ईयू) छाड्ने मिति पर सार्न ईयूलाई आग्रह गर्ने जनाएकी छिन् । मेले प्रधानमन्त्री कार्यालय टेन डाउनिंग स्ट्रिटमा धारा ५० को म्याद बढाउन ईयूलाई अनुरोध गरिने जनाएकी हुन् ।&amp;nbsp;&lt;br&gt;यद्यपी उनले यो मिति सकभर छोटो हुने र २२ मे अघि नै हुनेमा जोड दिइन् । त्यसो गर्दा बेलायतले युरोपेली संसदको चुनाव गराउनुपर्ने छैन ।&amp;nbsp;&lt;br&gt;उनले ईयूसँग भविष्यमा कस्तो सम्बन्ध राख्ने बारेमा एउटा सहमति बनाउन विपक्षी लेबर पार्टीका नेता जेरेमी कोर्बिनलाई आफूले भेट्न चाहेको पनि बताएकी छिन् ।&amp;nbsp;&lt;br&gt;बीबीसीका अनुसार, प्रधानमन्त्री मेले मंगलबार आफ्नो क्याबिनेटका सदस्यहरुसँग सात घण्टाभन्दा लामो समय छलफल गरेपछि ईयूसँग सम्झौतासहित बाहिरिन समय बढाउन आवश्यक भएको बताउँदै कोर्बिनसँग सहमतिका लागि भेट्ने बताएकी थिइन् ।&amp;nbsp;&lt;br&gt;&lsquo;बिना सम्झौता बहिगर्मन भएपनि दीर्घकालिन रुपमा हामीलाई फाइदा छ भन्नेमा म सधैं स्पष्ट थिएँ । तर, सम्झौतासहित अलग्गिनु उत्कृष्ट समाधान हो,&rsquo; मेले आफ्नो कार्यालयमा भनिन् ।&amp;nbsp;&lt;br&gt;नेता कोर्बिनले ब्रेक्जिट योजनामा प्रधानमन्त्रीलाई भेट्न आफू उत्सुक भएको प्रतिक्रिया दिएका छन् ।&amp;nbsp;&lt;br&gt;मेले कोर्बिनसँग एउटा सम्झौता हुने आशा गरेकी छन् जसलाई अप्रिल १० को युरोपियन काउन्सिल समिटअघि बेलायती संसदमा अनुमोदनका लागि लगिनेछ । यसअघि ब्रिटेन यूरोपेली संघबाट बाहिरिने सम्बन्धी सम्झौता (ब्रेक्जिट) तीनपटकसम्म अस्वीकृत भइसकेको छ ।&amp;nbsp;&lt;br&gt;बेलायतले यही १२ अप्रिलसम्ममा ईयूलाई नयाँ प्रस्ताव नगरेमा बेलायत बिना कुनै सम्झौता ईयूबाट बाहिरिनेछ । बेलायत बहिगर्मन हुने पूर्व निर्धारित समयसीमा २९ मार्च भएपनि प्रक्रिया विलम्ब भएपछि इयूले केही समय थपेको हो ।&amp;nbsp;&lt;br&gt;बिना सम्झौता बाहिरिने अवस्था आएपनि युरोपियन युनियनले बेलायतसँग १० बिलियन युरो माग्ने भएको छ । बेलायतले ईयूलाई सन् २०१९ का लागि कुल बजेट योगदान स्वरुप १७ दशमलव ४९ बिलियन युरो तिर्नुपर्नेमा बेलायतले अहिलेसम्म ७ दशमलव २ बिलियन युरोमात्र तिरेको छ । बक्यौता रकम इयूले तत्काल खोजेको समाचारमा उल्लेख छ ।&amp;nbsp;&lt;br&gt;सन् २०१६ जुनमा बेलायती जनताले इयूबाट अलग्गिने पक्षमा बढी मत दिएयता सुरु भएको ब्रेक्जिट प्रक्रिया अझै अन्योलमा छ । प्रधानमन्त्री मेले गत नोभेम्बर २०१८ मा इयूसँग गरेको सम्झौता बेलायती संसदले तेस्रोपटक अस्वीकृत गरिसकेको छ भने यसले संसद नै विभाजित हुन पुगेको छ ।&lt;/p&gt;', 8, 'लन्डन', 'news-20190408084652656.jpg', '२०७५-चैत-२५', 2, 0, 'published', 1, '2019-04-08 12:31:52', NULL),
(30, 'वान–डे मान्यताको टयागबाहेक खासै केही फरक पाइनँ\': ज्ञानेन्द्र मल्ल, उपकप्तान ', 'काठमाडौँ — नेपाली क्रिकेट टोलीका उपकप्तान ज्ञानेन्द्र मल्ल, जो १२ वर्षदेखि टोलीमा छन् । नेपालले गत साता एमस्ट्राडमको एमस्टलभिनस्थित भीआरए मैदानमा नेदरल्यान्ड्ससँग खेल्दै वान–डे अन्तर्राष्ट्रिय क्रिकेटको ढोका उघार्दा यिनै ज्ञानेन्द्रले पहिलो खेलमा अर्धशतक बनाएका थिए । जुन नेपाली क्रिकेटको एउटा इतिहास भएको छ ।\r\nतस्बिरः इलिट जोशी', '&lt;p&gt;काठमाडौँ &mdash; नेपाली क्रिकेट टोलीका उपकप्तान ज्ञानेन्द्र मल्ल, जो १२ वर्षदेखि टोलीमा छन् । नेपालले गत साता एमस्ट्राडमको एमस्टलभिनस्थित भीआरए मैदानमा नेदरल्यान्ड्ससँग खेल्दै वान&ndash;डे अन्तर्राष्ट्रिय क्रिकेटको ढोका उघार्दा यिनै ज्ञानेन्द्रले पहिलो खेलमा अर्धशतक बनाएका थिए । जुन नेपाली क्रिकेटको एउटा इतिहास भएको छ ।&amp;nbsp;&lt;br&gt;तस्बिरः इलिट जोशी&amp;nbsp;&lt;br&gt;उनै ज्ञानेन्द्रसँग नेपालले सुरु गरेको वान&ndash;डे अन्तर्राष्ट्रिय यात्रा, आफ्नो अर्धशतक, फर्किएको फर्म र नेपाली क्रिकेटबारे कान्तिपुरका लागि विनोद पाण्डेले गरेको कुराकानी :&amp;nbsp;&lt;br&gt;वान&ndash;डे अन्तर्राष्ट्रियमा डेब्यु गर्दा र क्याप पाउँदाको क्षण कस्तो रह्यो?&amp;nbsp;&lt;br&gt;सबै उत्साही थिए। नेदरल्यान्ड्स जानुअघि लर्डसमा पनि खेल्न पाएकाले टोलीभित्र छुट्टै उत्साह थियो। नेदरल्यान्ड्ससँग पहिला पनि खेलिरहेका थियौं, खेलिरहँदा खासै त्यस्तो केही अनुभव त भएन। यसपालि खेलिसकेपछि भने नेपालले पहिलोपल्ट वान&ndash;डे अन्तर्राष्ट्रिय खेलेको टोली सदस्य हुनु पाउँदाको खुसी अर्कै थियो। पहिला हाम्रोमा खासै त्यस्तो क्याप लगाइदिने परम्परा त थिएन। तर त्यो अविस्मरणीय क्षण हो। आफ्नो देशको प्रतिनिधित्व गर्दै त्यो वान&ndash;डे अन्तर्राष्ट्रिय खेलेको क्याप लगाउनु ठूलो विषय हो। हाम्रोमा पनि त्यो संस्कारको सुरुआत भएको छ। त्यसमा पनि उपकप्तानको हैसियतमा मलाई २ नम्बर लेखिएको क्याप दिइएको थियो, यो मेरो जीवनको एउटा हाइलाइट्स नै हो।&amp;nbsp;&lt;br&gt;वान&ndash;डे अन्तर्राष्ट्रिय मान्यता पाउनु र नपाउनुमा फरक के हो जस्तो लाग्यो?&amp;nbsp;&lt;br&gt;मैले केही फरक पाइनँ। खाली ट्यागमात्र पाएँ। मैदान त्यही थियो, भौतिक पूर्वाधार त्यही थियो। अझ पनि त्यही पीडाले सबैलाई पिरोलिरहेको छ। हाम्रो क्याम्प राम्रोसँग सञ्चालन हुन सकेको छैन। अझै धेरै विषय छन्। वान&ndash;डे अन्तर्राष्ट्रिय मान्यता त पायौं तर त्यो खेलेर मात्र पाइराख्ने होइन। खेलेर वान&ndash;डे मान्यता ल्यायौं, त्यसको पछाडि पक्ष हेर्न जरुरी छ। युरोप जानुअघि अभ्यास गर्दा पानी पर्दा निकै समस्या परेको थियो। इन्डोरको हालत पनि त्यस्तै छ, व्यवस्थित छैन। जिम आफ्नो छैन। मैदानको अवस्था त्यस्तै छ। वान&ndash;डे मान्यताको टयागबाहेक मैले खासै केही फरक पाइनँ। यो विषय हामीले आईसीसीलाई व्यक्तिगत रुपमा भन्न जान मिल्दैन। प्रशिक्षक, कप्तान वा कसैको माध्यमबाट भनाइ राख्दा &lsquo;अहिलेलाई यही हो, क्यान बन्न लागिसकेको छ, क्यान बनिसकेपछि सबै समाधान हुन्छ&rsquo; भन्ने जवाफ आउँछ। समाधान कहिले हुने त्यो चाहिँ थाहा छैन। नेपालमा आधिकारिक निर्णय लिने स्थिति कसैको छैन।&amp;nbsp;&lt;br&gt;&amp;nbsp;&lt;/p&gt;', 11, 'काठमाडौँ', 'news-20190408030037592.jpg', '२०७५-चैत-२५', 2, 0, 'published', 1, '2019-04-08 18:45:37', NULL),
(31, 'कांग्रेसमा सिटौलाको स्थान कहाँ ?', 'काठमाडौँ — कांग्रेसभित्रको भागबण्डामा पूर्व महामन्त्री कृष्णप्रसाद सिटौलाको स्थान कहाँ हो भन्ने विवाद उब्जेको छ । कांग्रेस सभापति शेरबहादुर देउवाले केन्द्रीय कार्यसम्पादन समिति गठनका लागि शुक्रवार आफ्नै निवास बुढानिलकण्ठमा बोलाएको बैठकमा यस्तो विवाद भएको हो ।  ', '&lt;p&gt;काठमाडौँ &mdash; कांग्रेसभित्रको भागबण्डामा पूर्व महामन्त्री कृष्णप्रसाद सिटौलाको स्थान कहाँ हो भन्ने विवाद उब्जेको छ । कांग्रेस सभापति शेरबहादुर देउवाले केन्द्रीय कार्यसम्पादन समिति गठनका लागि शुक्रवार आफ्नै निवास बुढानिलकण्ठमा बोलाएको बैठकमा यस्तो विवाद भएको हो । &amp;nbsp;&lt;br&gt;सभापति देउवाले २९ सदस्यीय कार्यसम्पादन समितिमा वरिष्ठ नेता पौडेल पक्षलाई ४० प्रतिशत दिन तयार भएपछि सिटौलालाई कसले समेट्ने भन्ने विवाद उठेको थियो। पौडेलले आफूलाई ४० प्रतिशत दिँदा सिटौलालाई ६० प्रतिशत हिस्सा लिने पक्षले समेट्नुपर्ने बताएका थिए। देउवाले भने लामो समयदेखि सिटौला आफ्नो पक्षमा नरहेकाले पौडेलले नै समेट्नु पर्ने तर्क गरेका थिए। दुवै नेताको कुरा सुनेपछि सिटौला केही नबोली बैठकबाट रिसाउँदै बाहिर निस्किए।&amp;nbsp;&lt;br&gt;उनलाई फर्काउन देउवाले बैठकबाटै फोन गरे। तर, सिटौलाले उठाएनन्। केही छिनको विवादपछि सभापति देउवा पौडेललाई ४० प्रतिशत दिएरै सिटौलालाई आफूले समेट्न तयार देखिए।&amp;nbsp;&lt;br&gt;तपाईँ बैठक बीचबाटै निस्कनुको कारण चाहिँ के हो भन्ने प्रश्नमा सिटौलाले भने,\'रामचन्द्रजीले मेरो भागमा कति हो भन्नुभयो। सभापतिजीले ४० हो भन्नुभयो। सिटौलाजी कता पर्नुहुन्छ, मेरोमा त पर्नु हुन्न भनेर पौडेलजीले भन्दा सभापतिले तपाईँको तिरै हो भन्नुभयो, अनि म उठेर हिँडे, त्यसपछि के भयो थाह छैन।\' सभापति देउवाले सोमबार बिहान बोलाएको बैठकमा समेत सिटौला गएनन्।&amp;nbsp;&lt;br&gt;दुई नेताले आफ्नो अस्तित्व र स्थानमाथि नै प्रश्न उठाउन थालेपछि आफू बस्नुको औचित्य नभएको तर्क सिटौलाको छ। \'कसैको अस्तित्व समाप्त पारेर बजारका खसी-बोका जस्तो भाउ गर्न मिल्दैन, पार्टीमा कोही मालिक र दास छैनन्\' दुवै नेताप्रति असन्तुष्ट बनेका सिटौलाले भने,\'म पार्टीमा देउवा र पौडेल कुनै तिर पनि छैन। पार्टीमा मेरो आफ्नै स्थान छ।\'&amp;nbsp;&lt;br&gt;१३ औँ महाधिवेशनमा पार्टी सभापतिका लागि देउवा, पौडेल र सिटौलाबीच प्रतिस्पर्धा थियो। पहिलो चरणमा कसैले पनि ५१ प्रतिशत मत ल्याउन नसकेपछि दोस्रो चरणको निर्वाचनमा सिटौला \'आउट\' भए, देउवा र पौडेलबीच प्रतिस्पर्धा भयो। आफू बाहिरिएपछि सिटौला देउवालाई सघाए। त्यस घट्नादेखि नै पौडेल र सिटौलाबीचको दुरी बढेको थियो।&amp;nbsp;&lt;br&gt;सिटौला-देउवाको मतान्तर भने गतवर्षको निर्वाचनदेखि भएको हो। आफूलाई जानकारीसम्म नदिई समानुपातिक सूचीमा राखेको भन्दै देउवासँग असन्तुष्ट थिए। निर्वाचनमा उम्मेदवार चयन र देउवाको काम गर्ने शैलीबाट उनी असन्तुष्ट रहँदै संस्थापन समूहबाट अलग भए। १३ औँ महाधिवेशनमा देउवा प्यानलबाटै महामन्त्रीमा चुनाव लडेका अर्जुननरसिंह केसी पनि उस्तै असन्तुष्टि राख्दै देउवाबाट अलग भएका थिए।&amp;nbsp;&lt;br&gt;केसी, शेखर कोइराला, गगन थापा, प्रदीप पौडेलसहितका नेताहरूले संस्थापन इतर समूहलाई एक ढिक्का बनाउन प्रयासरत रहे। बेलाबखत एकपनि भए। भातृ तथा शुभेच्छुक संस्थाका निर्वाचनमा संयुक्त \'प्यानल\' बनाएर अघि पनि बढे। पार्टीका धेरैजसो मुद्दामा पौडेल-सिटौला एकठाउँमा उभिए। तैपनि पौडेल र सिटौलाबीचको सम्बन्ध घामछाँया जस्तै न एक हुन सक्ने न टाढा रहन सके।&amp;nbsp;&lt;br&gt;शुक्रवारको स्थिति भने अलिक फरक भयो। सिटौला दुवै नेताप्रति रुष्ट बनेका छन्। पौडेलप्रति बढी आक्रोशित छन्। आफ्नो समूहमा नभएको भन्ने पौडेलको भनाईबाट उनको मन दुखेको छ।&amp;nbsp;&lt;br&gt;\'पौडेलजीले ठिकै भन्नुभयो, म उहाँको पक्षमा छैन, देउवातिर पनि छैन\' सिटौलाले पौडेलप्रति सङ्केत गर्दै भने,\'बाहिर भागबण्डा गर्नुहुन्न भन्ने भित्रभित्र भागबण्डा खोज्ने? भागबण्डाबाट पार्टीलाई छिन्नभिन्न बनाउने काममा देउवा र पौडेल दुवै लागेका छन्। पार्टीभित्र योगदान र क्षमताको कदर होइन, अन्ध समर्थन र जमात खडा गर्न लागेका छन्। यसले पार्टीलाई ऊर्जा पनि दिन्न, पार्टीमा क्षमता र योगदान भएकाले अवसर पनि पाउन्नन्।\'&amp;nbsp;&lt;br&gt;उपसभापति विमलेन्द्र निधि कार्यसम्पादन समिति गठन गर्दा वरिष्ठताका आधारमा यसअघि गठन भएको समिति विघटन भइसकेपछि फेरी त्यही आधारमा हुन नसक्ने बताउँछन्। \'वरिष्ठताका आधारमा समिति गठन गर्दा पौडेलजीहरूले विरोध गर्नुभएको हो। त्यसैले समिति विघटन पनि भयो, फेरी त्यही आधारमा गठन हुन सक्दैन। \'पावर शेयरिङ\' कै आधारमा हुन्छ\' निधिले भने। शुक्रवारको बैठकमा संस्थापन पक्षले ६० र पौडेल पक्षले ४० प्रतिशत सङ्ख्या लिने गरी कार्यसम्पादन समिति गठनमा सहमति बनेको उनको भनाई छ।&amp;nbsp;&lt;br&gt;केन्द्रीय सदस्य रामशरण महतले भागबण्डाका आधारमा नभएर वरिष्ठता र उपयुक्तको आधारमा समिति गठन हुनुपर्ने धारणा आफूहरूको रहेको बताए। विगतमा विधानले व्यवस्था गरे भन्दा बढी सदस्य राखेर समिति गठन भएकाले मात्रै विरोध भएको उनको भनाई छ। २९ सदस्यीय गठन गर्नुपर्नेमा भागबण्डा मिलाउन देउवाले त्यति बेला ३२ सदस्य सङ्ख्या पुर्&zwj;याएका थिए। जसलाई लिएर विरोध भएपछि गत वैशाख १६ गते समिति विघटन भएको थियो।&amp;nbsp;&lt;br&gt;\'शुक्रवारको बैठकमा पनि पौडेलजीले वरिष्ठताको आधारमा खुला र पारदर्शीरुपमा गठन हुनुपर्छ भनेर भन्नु भएको हो। भागबण्डामा सहमति बनेको होइन\' महतले थपे,\'केन्द्रीय कार्यसम्पादन जस्तो महत्त्वपूर्ण समितिमा वरिष्ठ साथीहरूलाई ल्याइनुपर्छ। भागबण्डा गर्दा जो पनि पर्न सक्छ, त्यसले सङ्गठनलाई राम्रो गर्दैन।\'&amp;nbsp;&lt;br&gt;संस्थापनपक्षबाट सिटौला अलग भएपछि पनि ६० प्रतिशतको हिस्सा सभापतिले राख्नु गलत भएको महतको तर्क छ। \'पहिला त पार्टी संरचनाहरूमा भागबण्डा गर्न नै हुन्न, दोस्रो सिटौलाजी त्यहाँ (देउवा) हुँदा पो ६० प्रतिशतको कुरा हो, त्यहाँबाट निस्केर यता (संस्थापन इतर) आउँदा त बराबरीको स्थिति हो\' महतले भने,\'त्यसका लागि पनि सभापति जी तयार देखिनुहुन्न।\'&lt;/p&gt;', 8, 'काठमाडौँ', 'news-20190408030234685.jpg', '२०७५-चैत-२५', 2, 0, 'published', 1, '2019-04-08 18:47:34', '2019-04-08 18:48:17'),
(32, 'कफीले कमाल', 'गुल्मी — यहाँ उत्पादन भइरहेको कफी स्वदेशका ठूला सहरसँगै जापान, फ्रान्स र कोरियालगायत मुलुकमा निर्यात भइरहेको छ । यसबाट विदेशी मुद्रा आर्जन हुन थालेपछि कफी उत्पादक उत्साही छन् । अन्न बालीबाट भन्दा ५/६ गुना बढी फाइदा मिल्न थालेपछि उनीहरू हौसिएका छन् ।  ', '&lt;p&gt;गुल्मी &mdash; यहाँ उत्पादन भइरहेको कफी स्वदेशका ठूला सहरसँगै जापान, फ्रान्स र कोरियालगायत मुलुकमा निर्यात भइरहेको छ । यसबाट विदेशी मुद्रा आर्जन हुन थालेपछि कफी उत्पादक उत्साही छन् । अन्न बालीबाट भन्दा ५/६ गुना बढी फाइदा मिल्न थालेपछि उनीहरू हौसिएका छन् । &amp;nbsp;&lt;br&gt;नगदेबालीले ग्रामीण क्षेत्रका कृषक स्वरोजगार उन्मुख भएका छन् । ५ वर्षमै फल लाग्ने भएकाले पढेलेखेका युवामा अन्नबाली मासेर कफी खेती गर्ने होड चलेको छ । जिल्लाका १२ वटै स्थानीय तहमा खेती विस्तार भएको छ । करिब ३ हजार कृषकले खेती गरिरहेका छन् । १/२ वटादेखि ३ हजारसम्म कफीका बोट लगाउने कृषक छन् ।&amp;nbsp;&lt;br&gt;रुरु गाउँपालिका १ की मना भट्टराईले खेतबारीमा कफी रोपेकी छन् । १८ रोपनीमा २ हजार ५ सय बोट छन् । &lsquo;अन्नबालीभन्दा ५/६ गुणा बढी आम्दानी हुन्छ, त्यसैले यतातिर लागेकी छु,&rsquo; उनले भनिन्, &lsquo;बिरुवा रोपेको ५ वर्षमै आम्दानी दिन्छ । मलजल, गोडमेल र स्याहार गरेपछि धेरै वर्षसम्म फलिरहन्छ ।&rsquo;&amp;nbsp;&lt;br&gt;किसानका लागि कफी पेन्सनसरह बनेको छ । &lsquo;भविष्य उज्ज्वल छ,&rsquo; उनले भनिन्, &lsquo;नबिक्ने चिन्ता छैन । बरु कसरी धेरै फलाउने भन्ने प्रतिस्पर्धा छ ।&rsquo; उनका अनुसार ४ वटा समूह मिलेर बनेको रुरु कफी सहकारी संघमा गाउँभरिको कफी संकलन हुन्छ । संघमा आबद्ध ७५ जनामध्ये ६ जना मात्र पुरुष छन् । मनाले बगैंचामा ५ हजार ५ सय बिरुवा उत्पादन गरेको बताइन् ।&amp;nbsp;&lt;br&gt;समूह र संघमा किसान भेला भएर खेतीसम्बन्धी छलफल गर्छन् । &lsquo;कसको कुन बोटमा कति कफी फल्यो, छलफल हुन्छ,&rsquo; संघकी अध्यक्ष रहेकी मनाले भनिन्, &lsquo;धेरै फलाउने होडबाजीले उत्पादनमा वृद्धि भएको छ ।&rsquo;&amp;nbsp;&lt;br&gt;उनले साढे २ लाख रुपैयाँ बचत गरेकी छन् । जिल्ला सहकारी संघमार्फत कोरिया, जापानलगायत देशमा कफी पुगेको उनले बताइन् । ६० लाख रुपैयाँ गाउँमा भित्रिएको छ । &lsquo;सधैं फल लाग्छ,&rsquo; उनले भनिन्, &lsquo;गाउँमा विदेशी मुद्रा भित्रिएपछि हामी उत्साहित भएका छौं ।&rsquo; घरखर्च र छोराछोरीको पढाइका लागि कोही पनि विदेश जानु नपर्ने उनले बताइन् ।&amp;nbsp;&lt;br&gt;नयाँ गाउँकी कमला थापाले भिरालो बारीमा खेती गरेकी छन् । अन्नखेती गर्दा ६ महिना खान पुग्दैनथ्यो । बारीमा रोपेका २ सय बोट कफीबाट मनग्य आम्दानी भइरहेको उनले बताइन् । रुरु र छत्रकोट गाउँपालिकामा कफी उत्पादन, प्रशोधन र खरिदबिक्री हुन्छ । बलेटक्सारको भण्डारीडाँडामा कफी अनुसन्धान कार्यक्रम सञ्चालन हुँदै छ ।&amp;nbsp;&lt;br&gt;गाउँमै रहेका संकलन केन्द्रमा जम्मा गर्छन् । जिल्ला सहकारी संघले खरिद गर्छ । स्वदेश र विदेशको मागअनुसार प्रशोधन गरेर संघले बिक्री गर्छ । जिल्ला संघका अध्यक्ष यमबहादुर थापाले कफीको बोटमा गबारोलगायत रोग लागे पनि विषादी छर्न मनाही गरेकाले गुणस्तरीय र अर्गानिक भएको बताए ।&amp;nbsp;&lt;br&gt;&lsquo;कफीको जन्मभूमि गुल्मी हो,&rsquo; उनले भने, &lsquo;जिल्लाको पहिचान बनेको छ । कृषक स्वरोजगार बनेका छन् ।&rsquo; अहिले माग थेगिनसक्नुछ । जति उत्पादन गरे पनि बिक्री नहोला भन्ने छैन । &lsquo;अर्गानिक र खानलाई मिठो भएकाले बेग्लै पहिचान र महत्त्व छ,&rsquo; उनले भने, &lsquo;यहाँ आउने पर्यटक र विभिन्न कार्यक्रममा आएकाले कफी रुचाउँछन् र लिएर जान्छन् ।&rsquo;&amp;nbsp;&lt;br&gt;संघमा ४ टन पार्चमेन्ट र १६ टन कफी संकलन हुन्छ । ८ टन जापान, कोरिया र फ्रान्समा निर्यात हुन्छ । बाँकी स्वदेशमा बिक्री भइरहेको संघका व्यवस्थापक युवराज आचार्यले बताए । &lsquo;गाउँमा विभिन्न संकलन केन्द्रबाट कफी किन्छौं,&rsquo; उनले भने, &lsquo;आधा किलोदेखि क्विन्टलसम्म खरिद गछौं ।&amp;nbsp;&lt;br&gt;कृषकलाई तपाई उत्पादन गर्नुस्, खरिद गर्ने जिम्मा हाम्रो हो भनेका छौं ।&rsquo; बिक्रीको सुनिश्चित गरेपछि बर्सेनि कृषकको संख्या थपिँदै छ । संघ, प्रदेश र स्थानीय सरकारले विदेशजाने युवालाई सहुलियतमा अनुदान दिएर कफी खेतीको दीर्घकालीन योजना अघि सारे प्रत्येक किसान आत्मनिर्भर बन्ने उनले बताए ।&amp;nbsp;&lt;br&gt;संघका अध्यक्ष थापाका अनुसार सन् १९९५ मा बर्माबाट फर्कंदा गुल्मी आँपचौरका लीला गिरीले कफीको बीउ ल्याए । रोपेपछि ५ वर्षमा फल्यो । आफैं ढिकी&ndash;जाँतोमा कुटेर खान थाले । बिस्तारै छिमेकीले रोपे । ०३८ सालमा तत्कालीन राजा वीरेन्द्र साह कृषकको घरमा पुगे ।&amp;nbsp;&lt;br&gt;कृषकको मागअनुसार कफी खेती विस्तारका लागि वीरेन्द्रले सिँचाइ सुविधा पुर्&zwj;याए । बजारीकरणका लागि मेसिन दिए । ०४२ सालमा आँपचौरमा कफी विकास केन्द्रको स्थापना भयो । त्यसपछि आँपचौरसहित जिल्लाभर कफी खेती विस्तार भयो । अहिले ४१ जिल्लामा विस्तार भएको छ ।&amp;nbsp;&lt;br&gt;गुल्मी, अर्घाखाँची, पाल्पा, प्युठान र स्याङजा जिल्ला हेर्ने गरी तम्घासमा कफी सुपरजोनको कार्यालय स्थापना भएको छ । जोन प्रमुख उमानाथ भण्डारीले पहिलो चरणमा क्षेत्र छनोटको काम सकिएपछि सूचीकृत गर्ने र समिति गठन प्रक्रिया अघि बढेको बताए । १५० रोपनी क्षेत्रफल निर्धारण गरेर क्लस्टरमा कृषकलाई आबद्ध गराएर खेती गर्ने योजना जोनको छ ।&amp;nbsp;&lt;br&gt;&lsquo;विदेशी मागअनुसार ५ प्रतिशत पनि कफी पुर्&zwj;याउन सकेका छैनौं, प्रत्येक किसानलाई उत्साहित बनाएर कफीमा आबद्ध बनाउने कार्यक्रम छ,&rsquo; उनले भने । गुल्मीसहित ५ जिल्ला कफी खेतीका लागि उर्वर भूमि मानिन्छन् ।&amp;nbsp;&lt;br&gt;स्वायत्त अधिकारसहितका स्थानीय तहले पनि कफी खेतीलाई प्राथमिकतामा राखेका छन् । बजेट विनियोजन गरेर कफी खेतीबाट सम्बद्ध पालिका बनाउने योजनामा उनीहरू छन् ।&amp;nbsp;&lt;br&gt;सबैभन्दा धेरै मुसिकोट नगरपालिकामा छ । २५ लाख रुपैयाँ बजेट विनियोजन गरेको छ । गबारो रोग नियन्त्रण, कफीका बिरुवा उत्पादन गर्ने र कृषकलाई प्रोत्साहनलगायतका कार्यक्रम रहेको नगरले जनाएको छ । अरू पालिकाले पनि बजेट विनियोजन गरेर कार्यक्रम सञ्चालन गरेका छन् ।&lt;/p&gt;', 3, 'काठमाडौँ', 'news-20190408032108940.jpg', '२०७५-चैत-२५', 2, 1, 'published', 1, '2019-04-08 19:06:08', '2019-04-09 12:09:36'),
(33, 'इन्धन आयात २१ प्रतिशत बढ्यो', 'काठमाडौँ — पेट्रोलियम इन्धनको खपत बर्सेनि बढ्दै गएको छ । आयल निगमको वार्षिक प्रतिवेदनअनुसार गत आर्थिक वर्षमा २६ लाख ६९ हजार किलोलिटर पेट्रोलियम बिक्री भएको छ । यो आर्थिक वर्ष २०७३/७४ को तुलनामा २१.५४ प्रतिशतले बढी हो । ३७ औं वार्षिक साधारणसभाले पारित गरेको प्रतिवेदनअनुसार निगमले २०७३/७४ मा २१ लाख ९६ हजार किलोलिटर इन्धन बिक्री गरेको थियो । ', '&lt;p&gt;काठमाडौँ &mdash; पेट्रोलियम इन्धनको खपत बर्सेनि बढ्दै गएको छ । आयल निगमको वार्षिक प्रतिवेदनअनुसार गत आर्थिक वर्षमा २६ लाख ६९ हजार किलोलिटर पेट्रोलियम बिक्री भएको छ । यो आर्थिक वर्ष २०७३/७४ को तुलनामा २१.५४ प्रतिशतले बढी हो ।&amp;nbsp;&lt;br&gt;३७ औं वार्षिक साधारणसभाले पारित गरेको प्रतिवेदनअनुसार निगमले २०७३/७४ मा २१ लाख ९६ हजार किलोलिटर इन्धन बिक्री गरेको थियो ।&amp;nbsp;&lt;br&gt;आधुनिकीकरण तथा सर्वसाधारणको जीवनशैलीमा आएको परिवर्तनले इन्धनको खपत बर्सेनि बढ्दै गएको छ । प्रतिवेदनअनुसार मूल्यको आधारमा बिक्री २८.८६ प्रतिशतले बढेको छ ।&amp;nbsp;&lt;br&gt;अन्तर्राष्ट्रिय बजारमा भएको मूल्य उतारचढावका कारण केही महँगो परेको हो । तथ्यांकअनुसार २०७४/७५ मा १ खर्ब ९५ अर्ब ९४ करोड रुपैयाँको बिक्री भएको थियो । २०७३/७४ मा १ खर्ब ५२ अर्ब ६ करोड रुपैयाँको बिक्री भएको उल्लेख छ ।&amp;nbsp;&lt;br&gt;प्रतिवेदनअनुसार २०७२/७३ मा भने नाकाबन्दीका कारण बिक्री घटेको थियो । दक्षिण सीमा नाकामा करिब ६ महिना अवरोध भएपछि इन्धनको आपूर्तिमा असहज भएको थियो । सीमा अवरोधकै कारण आयात र बिक्री न्यून भएको प्रतिवेदनमा उल्लेख छ ।&amp;nbsp;&lt;br&gt;वार्षिक प्रतिवेदनअनुसार २०७२/७३ मा ९७ अर्ब ३ करोड रुपैयाँ बराबरको १३ लाख ३० हजार किलोलिटर इन्धन बिक्री भएको जनाएको छ । २०७१/७२ मा भने १ खर्ब ३८ अर्ब ९९ करोड रुपैयाँको १६ लाख२ हजार किलोलिटर इन्धन बिक्री भएको उल्लेख छ ।&amp;nbsp;&lt;br&gt;सञ्चालक समितिको खर्च साढे २५ लाख&amp;nbsp;&lt;br&gt;आयल निगम सञ्चालक समितिले बैठक भत्ता तथा अन्य खर्चबापत एक वर्षमा २५ लाख ५८ रुपैयाँ खर्च गरेको छ । निगमको वार्षिक प्रतिवेदनअनुसार सञ्चालक समितिमा आपूर्ति सचिव अध्यक्ष र सातजना सदस्य छन् ।&amp;nbsp;&lt;br&gt;सञ्चालक समितिमा एकजनाबाहेक सबै सरकारी कर्मचारी छन् । बैठक भत्ता र खर्चबापत एकजना सदस्यको भागमा ३ लाख १९ हजार रुपैयाँ पर्छ । वार्षिक प्रतिवेदनअनुसार अर्थ मन्त्रालयको स्वीकृतिबमोजिम सञ्चालकलाई प्रतिबैठक ४ हजार प्रदान गरिन्छ । कार्यकारी निर्देशकलाई तलब तथा भत्ता गरेर ७ लाख २७ हजार रुपैयाँ भुक्तानी दिइएको छ ।&lt;/p&gt;', 3, 'काठमाडौँ', 'news-20190408032247736.jpg', '२०७५-चैत-२५', 2, 0, 'published', 1, '2019-04-08 19:07:47', NULL);
INSERT INTO `news` (`id`, `title`, `summary`, `description`, `cat_id`, `location`, `image`, `news_date`, `reporter_id`, `is_sticky`, `status`, `added_by`, `created_at`, `updated_at`) VALUES
(34, 'विद्युतीय सवारी : चीनको भर घटाउँदै अमेरिका', 'न्यूयोर्क — व्यापार युद्धमा अल्झिरहेका बेला संयुक्त राज्य अमेरिकाले विद्युतीय सवारीमा चीनसँगको निर्भरता हटाउन खोजेको छ । यसका लागि अमेरिकाले नीति परिमार्जनसँगै सम्बन्धित क्षेत्रका व्यापारीको राय लिने प्रक्रिया सुरु गरेको छ । त्यहाँका सरकारी अधिकारीले अटोमोबिल एवं लिथियम (ब्याट्री) निर्माण गर्ने कम्पनीका कार्यकारीसँग भेट्ने योजना बनाएका छन् । ', '&lt;p&gt;न्यूयोर्क &mdash; व्यापार युद्धमा अल्झिरहेका बेला संयुक्त राज्य अमेरिकाले विद्युतीय सवारीमा चीनसँगको निर्भरता हटाउन खोजेको छ । यसका लागि अमेरिकाले नीति परिमार्जनसँगै सम्बन्धित क्षेत्रका व्यापारीको राय लिने प्रक्रिया सुरु गरेको छ ।&amp;nbsp;&lt;br&gt;त्यहाँका सरकारी अधिकारीले अटोमोबिल एवं लिथियम (ब्याट्री) निर्माण गर्ने कम्पनीका कार्यकारीसँग भेट्ने योजना बनाएका छन् ।&amp;nbsp;&lt;br&gt;स्रोतका अनुसार अमेरिकाले आउँदो महिनाको सुरुमा राष्ट्रिय इलेक्ट्रिक भेहिकल वितरण प्रणालीको रणनीति तयार पार्दैछ ।&amp;nbsp;&lt;br&gt;भोक्सवागेन एजी, टेस्ला इंक र अन्य विद्युत&ndash;केन्द्रित कार तथा ब्याट्री निर्माताहरूले अमेरिकामा बजार विस्तार गर्नुका साथै नयाँ प्रविधिमा अर्बौं डलर लगानी गरिरहेका छन् । यतिले मात्रै तिनलाई सम्भव छैन । कार निर्माणलाई आवश्यक आयातित खनिजमा उनीहरू निर्भर हुनैपर्छ । विद्युतीय सवारीलाई चाहिने लिथियम&ndash;आयन ब्याट्री चीनले मात्रै धेरै परिणाममा बनाउँछ ।&amp;nbsp;&lt;br&gt;विद्युत सवारीको वितरणमा चीन अग्रणी रहँदै आएको छ । विश्वमा उत्पादन हुने ब्याट्रीमध्ये तीन भागको दुई भाग चीनमा बन्छन् भने अमेरिकाले ५ प्रतिशत मात्रै बनाउँछ । लिथियम र अन्य सामानको मूल्य पत्ता लगाउने अमेरिकी कम्पनी बेन्चमार्क मिनिरल्स इन्टेलिजेन्सका अनुसार लिथियमको प्रशोधनमा चीनको प्रमुख नियन्त्रण छ ।&amp;nbsp;&lt;br&gt;अमेरिकामा लिथियमको आयात सन् २०१४ यता दोब्बर भएको छ । अमेरिकी भौगर्भिक सर्वेक्षणका अनुसार टेस्ला, एस के इन्नोभेसन र अन्य ब्याट्री निर्माता कारखानाको बढ्दो मागका कारण लिथियम आयात बढ्दै गएको हो । &lsquo;हाम्रो आन्तरिक खनिज वितरणलाई अझ प्रभावकारी ढंगले विकास गर्नुपर्छ,&rsquo; नर्थ डाकोटाका सांसद एवं ऊर्जा तथा प्राकृतिक स्रोत समितिका सदस्य जोन होइभन भन्छन्, &lsquo;हाम्रो राष्ट्रिय सुरक्षा र अर्थतन्त्र दुवैका लागि यी स्रोतको विकास र सुदपयोग महत्त्वपूर्ण छन् ।&rsquo;&amp;nbsp;&lt;br&gt;होइभनसहित ऊर्जा समितिकी सभापति लिसा मुर्कोवस्कीलाई यसबारे आयोजित बैठकमा निम्तो गरिएको छ । ऊर्जा विभाग, आन्तरिक तथा अमेरिकी भौगर्भिक सर्वेक्षणका अधिकारी समेत बैठकमा सहभागी हुने स्रोतले जनाएको छ । मुर्कोवस्कीले बैठकमा देशलाई आत्मनिर्भर बनाउने खालको कानुन पेस गर्ने अनुमान गरिएको छ । त्यसमा लिथियम र अन्य खनिज प्रशोधनका लागि अनुमति दिने, प्रदेश र संघीय निकायलाई महत्त्वपूर्ण खनिजको आन्तरिक वितरण बढाउन अनुमति दिने, खनिजको पुनर्प्रयोग बढाउनेलगायत नीति रहेको बताइन्छ ।&amp;nbsp;&lt;br&gt;लिथियम अमेरिका कर्पसहित पाँच कम्पनीले अमेरिकी लिथियम परियोजना विकास गरेका छन्, जसले नयाँ प्रविधिको प्रयोगमा कच्चा पदार्थबाट धातु निकाल्छन् । यी कम्पनीले लगानी सुनिश्चित गरिसकेका छैनन् । योजनाअनुसार सन् २०२२ सम्म यी पाँचै कम्पनीले काम गर्न सकेमा देशले प्रतिवर्ष ७७ हजार ९ सय टन लिथियम कार्बोनेट उत्पादन गर्नेछन् । यसले अमेरिकालाई लिथियम निर्माता विश्वका ठूला देशमध्ये एक बनाउनेछ । लिथियम विकास परियोजनाले यसअघि विभिन्न अप्ठ्यारा खेप्दै आएकाले अहिले उत्पादन संख्या न्यून छ ।&amp;nbsp;&lt;br&gt;विद्युतीय सवारीको आन्तरिक वितरण प्रणाली सिर्जना गर्न सके अमेरिकालाई सर्वाधिक विशाल बनाउन सकिने यूएस क्रिटिकल मिनिरल्सका प्रमुख कार्यकारी अधिकृत जेसी इडमन्डसले बताएका छन् । टेस्ला, फोर्ड मोटर र जेनेरल मोटर्सका प्रतिनिधिले वासिङ्टनमा आयोजना हुने बैठकमा भाग लिने तय भएको छ । कानुन संशोधन र सुधारका लागि उनीहरूले सुझाव दिनेछन् । यसबारे टेस्ला र जेनेरल मोटर्सले प्रतिक्रिया दिन चाहेनन् ।&amp;nbsp;&lt;br&gt;दक्षिण अमेरिकामा खनिजबाट लिथिमय उत्पादन गर्ने अल्बमार्ली कर्प र लिभेन्ट कर्प कम्पनीसमेत बैठकमा उपस्थित हुँदैछन् । &lsquo;विद्युतीय सवारी उद्योगको विकासका लागि नीति&ndash;नियम बनाइने र छलफल गरिने कार्यक्रममा भाग लिन हामी इच्छुक छौं,&rsquo; लिभेन्ट कर्पका प्रमुख कार्यकारी अधिकृत पल ग्रेभ्सले भने, &lsquo;ई&ndash;भेहिकलको विकासमा अमेरिकालाई अग्रणी बनाउने विषयमा कार्यक्रमको जोड छ ।&rsquo;&amp;nbsp;&lt;br&gt;एकदिने बैठकको बिहानी सत्रमा कार्याशाला हुने र दिउँसो वान टु वान मिटिङ गर्ने तालिका छ । स्रोतका अनुसार उद्योगका कार्यकारी र नियामक निकायका पदाधिकारीबीच वार्ता हुनेछ । &lsquo;हामीले भोगिरहेको अप्ठ्यारो अवस्थाबारे नीति निर्मातालाई अवगत गराउने प्रयास गर्नेछौं,&rsquo; आयोनर लिमिटेडका अध्यक्ष जेम्स कालावेले भने । उनको कम्पनीले नेभडामा लिथियम प्रोजेक्ट सञ्चानल गर्दै आएको छ ।&lt;/p&gt;', 3, 'काठमाडौँ', 'news-20190408032526653.jpg', '२०७५-चैत-२५', 2, 0, 'published', 1, '2019-04-08 19:10:26', NULL),
(35, 'मौसम पूर्वानुमान प्रणाली भारतमा प्रभावकारी, नेपालमा उपकरण नै भएन', 'नयाँदिल्ली/काठमाडौं — बारा र पर्सामा गत आइतबार साँझ अचानक आएको हावाहुरीले २९ जनाको ज्यान लियो । सात सयभन्दा बढी घाइते भए । दुई हजार भन्दा बढी घरमा क्षति भयो । उक्त प्राकृतिक विपत् लगत्तै हावाहुरीको भविष्यवाणी किन हुन सकेन भन्ने विषयमा बहस सुरु भएको छ । मौसममा हुने परिवर्तन र त्यसबाट हुन सक्ने प्राकृतिक विपत् अनुमान गर्ने जिम्मेवार निकाय जल तथा मौसम पूर्वानुमान महाशाखाले आइतबारको विपत्‌बारे जानकारी दिएको थिएन । ', '&lt;p&gt;नयाँदिल्ली/काठमाडौं &mdash; बारा र पर्सामा गत आइतबार साँझ अचानक आएको हावाहुरीले २९ जनाको ज्यान लियो । सात सयभन्दा बढी घाइते भए । दुई हजार भन्दा बढी घरमा क्षति भयो । उक्त प्राकृतिक विपत् लगत्तै हावाहुरीको भविष्यवाणी किन हुन सकेन भन्ने विषयमा बहस सुरु भएको छ । मौसममा हुने परिवर्तन र त्यसबाट हुन सक्ने प्राकृतिक विपत् अनुमान गर्ने जिम्मेवार निकाय जल तथा मौसम पूर्वानुमान महाशाखाले आइतबारको विपत्&zwnj;बारे जानकारी दिएको थिएन ।&amp;nbsp;&lt;br&gt;जबकि भारतको जल तथा मौसम पूर्वानुमान विभागले विहार र उत्तर प्रदेश राज्य र त्यससँग जोडिएका नेपालका सीमावर्ती क्षेत्रमा त्यस दिन आँधीबेहरी आउने र पानी पर्न सक्ने अनुमान गरेको थियो। नेपालमा पनि विपत् अनुमान गरेर सूचना प्रवाह गरेको भए सर्वसाधारणले सुरक्षा व्यवस्था अपनाउन सक्थे, कम्तीमा मानवीय क्षति हुँदैनथ्यो भन्ने तर्क आइरहेका छन्। नेपालको मौसम पूर्वानुमान महाशाखाले त्यो दिन मेघगर्जनसहित वर्षा हुने मात्र अनुमान गरेको थियो।&amp;nbsp;&lt;br&gt;भारतीय विज्ञहरू अचानक आउने हुन्डरी वा चक्रवातजस्ता प्राकृतिक विपत्लाई रोक्न सम्भव नभए पनि आधुनिक प्रविधि, दक्षजनशक्ति र सम्बन्धित निकायहरूबिच उचित समन्वय भए मौसम अनुमान गर्न सकिने र ठुलो जनधनको क्षतिबाट बच्न सकिने बताउँछन्। \'प्राकृतिक विपत्लाई रोक्ने भन्ने हुँदैन, त्यसबाट हुने क्षतिलाई सकेसम्म कम गर्ने हो। त्यसका लागि अनुमान प्रणाली अत्याधुनिक र प्रभावकारी हुनुपर्छ,\' भारतको मौसम विज्ञान विभागअन्तर्गतको राष्ट्रिय मौसम पूर्वानुमान केन्द्रकी प्रमुख सती देवीले भनिन्। नेपालको जल तथा मौसम विज्ञान विभागका महानिर्देशक सरजुकुमार वैद्यले भने नेपालमा स-साना भूभागमा हुनसक्ने मौसमी भविष्यवाणी गर्न आवश्यक राडार, बेलुनलगायतका प्रविधिका साथै दक्ष जनशक्ति नै नभएको बताउँछन्।&amp;nbsp;&lt;br&gt;अत्याधुनिक प्रविधि, पद्धति, जनशक्ति र त्यसअनुसारको सञ्जालका कारण भारतीय निकायहरूको मौसमी भविष्यवाणी मिल्ने गर्छ। दिल्लीस्थित राष्ट्रिय मौसम पूर्वानुमान केन्द्रले देशभरका ३६ वटा उपकेन्द्रलाई हरेक दिन चारपटक मौसम पूर्वानुमानको जानकारी दिन्छ। सम्भावित शीतलहर, अत्यधिक गर्मी र आँधीहुरीको चेतावनी पनि दिने गर्छ। त्यस्तो जानकारी बिहान ८ बजे, दिउँसो १ बजे, साँझ साढे ४ बजे र राति करिब ८ः३० मा दिने व्यवस्था छ। दिउँसो १ बजेको अनुमान र चेतावनी भने अलि विस्तृतमा हुने गर्छ। नेपालमा भने केही महिना यता महाशाखाले तीन दिनको मौसमी अवस्था प्रक्षेपण गर्दै आएको छ। वर्षा, मेघ गर्जन र गड्याङगुडुङको अनुमान गर्दागर्दै आएको छ भने चट्याङ परिसकेपछि त्यो स्थानको पहिचान गर्ने गरेको छ।&amp;nbsp;&lt;br&gt;भारतमा उपकेन्द्रबाहेक पनि ६ वटा सहरमा क्षेत्रीय मौसम पूर्वानुमान केन्द्र छन्। दिल्ली, मुम्बई, नागपुर, कोलकाता, गुवाहाटी र चेन्नईमा रहेका ती क्षेत्रीय पूर्वानुमान केन्द्रअन्तर्गत नै प्रदेश मौसम विभागका शाखा छन्। यिनै क्षेत्रीय र प्रदेश स्तरीय केन्द्र र मौसम विभागले जिल्ला तहमा आउन सक्ने हावाहुरीलगायत प्राकृतिक विपत् भविष्यवाणी गर्छन्। विपत्बाट हुन सक्ने क्षति न्यूनीकरणका लागि जिल्ला तहमा रहेका विपत् व्यवस्थापन केन्द्रसँग समन्वय गरिन्छ।&amp;nbsp;&lt;br&gt;प्रत्येक दिन बिहान करिब १० बजे दिल्लीस्थित मुख्यालयले देशभरका क्षेत्रीय केन्द्र र राज्यका मुख्यालयस्थित कार्यालयसँग प्रत्यक्ष भिडियो कन्फरेन्स गर्छ। नेपाल सङ्घीय संरचनामा गइसके पनि प्रदेशअनुसार मौसम विभाग छैन। सङ्घीय सरकार मातहत (केन्द्र) रहेको विभागले नै त्रिभुवन विमानस्थलबाट चौबिसै घण्टा मौसमसम्बन्धी जानकारी दिने गरेको छ।&amp;nbsp;&lt;br&gt;भारतमा सामुदि्रक क्षेत्रको मौसम अनुमानका लागि बेग्लै विभाग छ। जसले तटीय क्षेत्रकालागि \'कोस्टल\' र \'हाई सी\' प्रणालीअन्तर्गत मौसम अनुमान गर्छ। मुम्बई, चेन्नई र कोलकातामा \'साइक्लोन वार्निङ डिभिजन\' तथा अहमादावाद, त्रिवेन्द्रम, विशाखापटनम् र भुवनेश्वरमा \'साइक्लोन वार्निङ सेन्टर\' छ। बङ्गलादेश, म्यानमारमा रहेका केन्द्रले पनि बंगालका खाडी र त्यस क्षेत्रको आउन सक्ने सामुदि्रक आँधी अनुमान गर्छन्। नेपालको जल तथा मौसम विज्ञान विभागका विभाग महानिर्देशक वैद्य अहिलेको प्रविधि र जनशक्तिले बारा र पर्सामा आएकोजस्तो शक्तिशाली हावाहुरीका लागि \'फरकास्ट\' ले नभ्याउने भएकाले \'नाउकास्ट\' नै गर्नुपर्ने तर्क गर्छन्।&amp;nbsp;&lt;br&gt;महाशाखाले \'डब्लुआरएफ मोडल\' का आधारमा देशभरको एकै पटक मौमसी अवस्थाबारे अनुमान गर्दै आएको छ। \'अहिलेको प्रविधिले छोटो अवधिभित्र सीमित क्षेत्रमा विकसित हुने मौसमी गतिविधि आकलन गर्न सकिँदैन\' वैद्यले भने। उनका अनुसार मुलुकभरको मौसमी अवस्था प्रक्षेपण गर्न कम्तीमा पनि तीन वटा \'राडार\' जडान गर्नुपर्छ। मौसम बेलुनमार्फत वायुमण्डलीय तात्कालिक अवस्थाबारे जानकारी लिनुपर्छ। \'वायुको गति, दिशा, सापेक्षिक आद्रता, तापक्रम, प्रेसर र वायुमण्डलको अवस्था कस्तो छ भन्ने थाहा नपाई मौसम फरकास्ट गर्न सकिँदैन,\' वैद्यले थपे, \'त्यही प्रक्षेपण खटकंदा बारा र पर्सामा क्षति व्यहोर्नुपरेको हो। सीमित क्षेत्रको फरकास्ट र नाउकास्टका लागि वायुमण्डलको अवस्था, वायुको गति, दिशा र प्रेसर, तापक्रमका साथै सापेक्षिक आद्रतासंगै आवश्यक तथ्याङ्क जुटाउनुपर्छ।\'&amp;nbsp;&lt;br&gt;भारतको राष्ट्रिय मौसम पूर्वानुमान केन्द्रकी प्रमुख सती देवी मौसम अनुमानका लागि वायुमण्डलको तल्लो भागमा भइरहेको परिवर्तनको सूक्ष्म अवलोकन न्यूनतम सर्त भएको बताउँछिन्। \'वायुमण्डलको वर्तमान अवस्था थाहा पाएपछि त्यसमा आउन सक्ने परिवर्तन अनुमान गर्न सकिन्छ,\' उनले भनिन्, \'त्यसैले मौसम अनुमानका लागि अत्याधुनिक अवलोकन -अब्जर्भेसन) प्रणालीलाई प्राथमिकतामा राख्नुपर्छ।\'&amp;nbsp;&lt;br&gt;भारतमा जमिनको सतह, सामुदि्रक, वायुमण्डल, भूउपग्रह र राडार प्रणालीबाट मौसमको अवस्थाको सूक्ष्म अवलोकन गरिन्छ। यसका लागि अत्याधुनिक सञ्जाल विकास गरिएको छ। \'वायुमण्डलमा क्षणभरमै परिवर्तन आउन सक्छ। त्यस्तो परिर्वतन कतिपय अवस्थामा छिमेकबाट सुरु हुन्छ। त्यसैले छिमेकी मुलुकबाट पनि जानकारी लिनुपर्छ,\' सती देवीले कान्तिपुरसँग भनिन्। मौसमको पछिल्लो अवस्था थाहा पाउन अन्तर्राष्ट्रिय रूपमै उचित साझेदारी आवश्यक पर्ने उनले बताइन्। \'त्यसका लागि सूचना प्रणाली आधुनिक हुनुपर्छ,\' उनले भनिन्। भारतमा सतह र भूउपग्रह गरी दुई किसिमका सूचना प्रणाली प्रयोग हुँदै आएका छन्।&amp;nbsp;&lt;br&gt;आधुनिक सूचना प्रणाली र अवलोकन प्रणालीबाट प्राप्त सूचनालाई आधुनिक प्लेटफर्ममा केलाइन्छ र त्यही विश्लेषणका आधारमा मौसम अनुमान गरिन्छ। पहिले नक्सालाई हेर्दै विश्लेषण गर्ने सिनोप्टिक विधि अपनाउने गरिएकामा अहिले अत्याधुनिक \'डिसिजन सपोर्ट सिस्टम\' अन्तर्गतको विधि प्रयोग गरिँदै आएको छ। विभिन्न कार्यालयहरूबाट प्राप्त हावाको तीव्रता, तापक्रम, आद्रता सम्बन्धी तथ्याङ्क पनि अति महत्त्वपूर्ण हुन्छन्। ती तथ्यांकलाई सुपर कम्प्युटरमार्फत प्रशोधन गरिन्छ। यिनै सूचना र तथ्यांकका आधारमा आगामी पाँच दिनका लागि मौसम अनुमान र हावाहुरी वा अन्य कुनै विपदको चेतावनी जारी गरिन्छ। त्यसका अतिरिक्त प्रत्येक दिन आगामी दुई दिनको प्रक्षेपण पनि सँगै हुन्छ। पाँच दिनको अनुमानमा हावाहुरी, चक्रवात, आँधी, लु -हिट वेभ), शीतलहरूको फैलावट र सघनताको पनि जानकारी दिइन्छ। सघनता सीमाभन्दा बढी छ भने चेतावनी जारी गरिन्छ।&amp;nbsp;&lt;br&gt;केन्द्रकी प्रमुख सती देवी आधुनिक अवलोकन प्रणाली र त्यसको बृहत् सन्जाल, तथ्याङ्क विश्लेषण गर्ने विधि र दक्ष जनशक्ति भए मौसमको सटिक अनुमान गर्न सकिने दाबी गर्छिन्। \'अहिलेको जमानामा फ्रिक वेदर इभेन्ट्स (मौसममा हुने आकस्मिक परिर्वतन) भन्ने हुँदैन, त्यो त बहाना मात्र हो,\' उनले भनिन्। उनले मौसमको अनुमान र चेतावनीसम्बन्धी जानकारी सर्वसाधारणले पाउने गरी प्रणाली विकास गर्नुपर्ने पनि बताइन्। \'अनुमान सही भए पनि सर्वसाधारणसम्म सूचना नपुगे प्राकृतिक विपद्बाटहुने क्षति कम गर्न सकिँदैन,\' उनले भनिन्।&lt;/p&gt;', 1, 'नयाँदिल्ली/काठमाडौं', 'news-20190409082919218.jpg', '२०७५-चैत-२६', 2, 1, 'published', 1, '2019-04-09 12:14:19', NULL),
(36, 'वन्यजन्तुको पछिपछि', 'काठमाडौँ — बाघ गर्जिरहेको छ, मयूर नाचिरहेको, चराहरू उडिरहेका छन्, एकसिंगे गैंडा मस्तसँग पानीमा पस्दै छ । साँच्चिकै हैन, तस्बिरमा । राजधानीको भृकुटी मण्डपस्थित पर्यटन बोर्डमा जारी ‘वाइल्ड लाइफ फोटो प्रदर्शनी’ मा राखिएका तस्बिरहरू भने साँच्चिकै जस्ता छन् । यी तस्बिर खिचेका हुन् चितवनका वाइल्ड लाइफ फोटोग्राफर सागर गिरीले ।  राजधानीको भृकुटीमण्डपस्थित पर्यटन बोर्डमा जारी \'वाइल्ड लाइफ फोटो प्रदर्शनी’ मा राखिएका वन्यजन्तुका तस्बिर । तस्बिर : विपिन/कान्तिपुर ', '&lt;p&gt;काठमाडौँ &mdash; बाघ गर्जिरहेको छ, मयूर नाचिरहेको, चराहरू उडिरहेका छन्, एकसिंगे गैंडा मस्तसँग पानीमा पस्दै छ । साँच्चिकै हैन, तस्बिरमा । राजधानीको भृकुटी मण्डपस्थित पर्यटन बोर्डमा जारी &lsquo;वाइल्ड लाइफ फोटो प्रदर्शनी&rsquo; मा राखिएका तस्बिरहरू भने साँच्चिकै जस्ता छन् । यी तस्बिर खिचेका हुन् चितवनका वाइल्ड लाइफ फोटोग्राफर सागर गिरीले । &amp;nbsp;&lt;br&gt;राजधानीको भृकुटीमण्डपस्थित पर्यटन बोर्डमा जारी \'वाइल्ड लाइफ फोटो प्रदर्शनी&rsquo; मा राखिएका वन्यजन्तुका तस्बिर । तस्बिर : विपिन/कान्तिपुर&amp;nbsp;&lt;br&gt;उनले वाइल्ड लाइफ फोटोग्राफी गर्न थालेको धेरै भएको छैन । आधा दशककै बीचमा उनले चितवन राष्ट्रिय निकुञ्ज, बर्दिया राष्ट्रिय निकुञ्ज, शुक्लाफाँटा राष्ट्रिय निकुञ्जलगायत तराई विभिन्न भूभागमा पुगेर अनगिन्ती तस्बिर खिच्न भ्याएका छन् । तीमध्ये एक सिंगेगैंडा, हात्ती, पातेबाघ, चितुवा, भालु, कृष्णसार, बाह्रसिंहे, गौरलगायतका जंगली जनावरसँगै मयूर, सारस, डार्टर, पोन्ड हेरोनलगायतका पक्षीहरूको ३८ थान तस्बिर यति बेला प्रदर्शनीमा हेर्न सकिन्छ ।&amp;nbsp;&lt;br&gt;नेपालको तराई भूभागमा पाइने जंगली जनावर एवं पक्षीहरूलाई विश्वमाझ चिनाउने उनको खास ध्येय हो । यसमा उनको आफ्नै धारणा पनि छ । &lsquo;फोटो र भिडियोहरूमा देखिने जनावर भन्नेबित्तिकै अफ्रिकाका जंगलको हो भन्ने नेपालीकै बुझाइ छ,&rsquo; उनले भने, &lsquo;हाम्रै मुलुकमा पनि सुन्दर वन्यजन्तु छन् भन्ने देखाउन चाहना पूरा गर्न वन्यजन्तु फोटोग्राफी रोजेको हुँ । नेपालको पर्यटन भन्नेबित्तिकै सामान्यतः हिमाली पर्यटन बुझिने अवस्था रहेकोमा त्यसलाई विविधीकरण गर्न पनि आफूले तराई क्षेत्र रोजेको उनले बताए । उनले खिचेका तस्बिरहरू निकै कलात्मक छन् । कलात्मक फ्रेमिङमा वन्यजन्तुको चाल पकडन उनी सफल छन् ।&amp;nbsp;&lt;br&gt;प्रदर्शनी अवलोकन गर्न पुगेका फोटो पत्रकार मीनरत्न बज्राचार्यले सागरले खिचेका तस्बिरहरू अन्तर्राष्ट्रिय स्तरको भएको दाबी गरे । &lsquo;जनावर एवं पक्षीहरूको चाललाई राम्रोसँग खिचेका छन्,&rsquo; उनले भने, &lsquo;यसले उनको फोटोग्राफी क्षमता त देखाउँछ नै, उनका तस्बिरहरूले नेपाललाई विश्वमाझ चिनाउन पनि मद्दत पुर्&zwj;याउँछ ।&rsquo; तस्बिर नियाल्दै गर्ने क्रममै भेटिए, रत्नराज्य लक्ष्मी क्याम्पसका फोटो पत्रकारिता अध्यापक नरेश श्रेष्ठ । उनले पनि सागरको फोटोग्राफी कम्पोजिसन &lsquo;सिर्जनात्मक र माझिएको&rsquo; भन्दै प्रशंसा गरे । &lsquo;सागरको फोटो हेरेपछि फोटो खिचेकै स्थानमा गएर ती जनावर एवं पक्षीहरू हेर्न मन लाग्छ,&rsquo; उनले भने ।&amp;nbsp;&lt;br&gt;पर्यटन बोर्ड र भिजिट नेपाल टान्टी टान्टीले प्रदर्शनी गरेको हो । बोर्डका प्रमुख कार्यकारी निर्देशक दीपकराज जोशीले फोटो प्रदर्शनीले नेपालको जैविक विविधतालाई चिनाउँदै पर्यटन प्रवर्द्धनमा टेवा पुग्ने बताए । &lsquo;जैविक सम्पदाबारे विश्वले थाहा पाउन यस्ता तस्बिरहरूले सघाउँछन्,&rsquo; उनले भने । प्रदर्शनी चैत २८ गतेसम्म जारी रहनेछ ।&lt;/p&gt;', 4, 'काठमाडौं', 'news-20190409051559665.jpg', '२०७५-चैत-२६', 2, 0, 'published', 1, '2019-04-09 21:00:59', NULL),
(37, 'मौसम ', 'काठमाडौँ — बाघ गर्जिरहेको छ, मयूर नाचिरहेको, चराहरू उडिरहेका छन्, एकसिंगे गैंडा मस्तसँग पानीमा पस्दै छ । साँच्चिकै हैन, तस्बिरमा । राजधानीको भृकुटी मण्डपस्थित पर्यटन बोर्डमा जारी ‘वाइल्ड लाइफ फोटो प्रदर्शनी’ मा राखिएका तस्बिरहरू भने साँच्चिकै जस्ता छन् । यी तस्बिर खिचेका हुन् चितवनका वाइल्ड लाइफ फोटोग्राफर सागर गिरीले ।  राजधानीको भृकुटीमण्डपस्थित पर्यटन बोर्डमा जारी \'वाइल्ड लाइफ फोटो प्रदर्शनी’ मा राखिएका वन्यजन्तुका तस्बिर । तस्बिर : विपिन/कान्तिपुर ', '&lt;p&gt;काठमाडौँ &mdash; बाघ गर्जिरहेको छ, मयूर नाचिरहेको, चराहरू उडिरहेका छन्, एकसिंगे गैंडा मस्तसँग पानीमा पस्दै छ । साँच्चिकै हैन, तस्बिरमा । राजधानीको भृकुटी मण्डपस्थित पर्यटन बोर्डमा जारी &lsquo;वाइल्ड लाइफ फोटो प्रदर्शनी&rsquo; मा राखिएका तस्बिरहरू भने साँच्चिकै जस्ता छन् । यी तस्बिर खिचेका हुन् चितवनका वाइल्ड लाइफ फोटोग्राफर सागर गिरीले । &amp;nbsp;&lt;br&gt;राजधानीको भृकुटीमण्डपस्थित पर्यटन बोर्डमा जारी \'वाइल्ड लाइफ फोटो प्रदर्शनी&rsquo; मा राखिएका वन्यजन्तुका तस्बिर । तस्बिर : विपिन/कान्तिपुर&amp;nbsp;&lt;br&gt;उनले वाइल्ड लाइफ फोटोग्राफी गर्न थालेको धेरै भएको छैन । आधा दशककै बीचमा उनले चितवन राष्ट्रिय निकुञ्ज, बर्दिया राष्ट्रिय निकुञ्ज, शुक्लाफाँटा राष्ट्रिय निकुञ्जलगायत तराई विभिन्न भूभागमा पुगेर अनगिन्ती तस्बिर खिच्न भ्याएका छन् । तीमध्ये एक सिंगेगैंडा, हात्ती, पातेबाघ, चितुवा, भालु, कृष्णसार, बाह्रसिंहे, गौरलगायतका जंगली जनावरसँगै मयूर, सारस, डार्टर, पोन्ड हेरोनलगायतका पक्षीहरूको ३८ थान तस्बिर यति बेला प्रदर्शनीमा हेर्न सकिन्छ ।&amp;nbsp;&lt;br&gt;नेपालको तराई भूभागमा पाइने जंगली जनावर एवं पक्षीहरूलाई विश्वमाझ चिनाउने उनको खास ध्येय हो । यसमा उनको आफ्नै धारणा पनि छ । &lsquo;फोटो र भिडियोहरूमा देखिने जनावर भन्नेबित्तिकै अफ्रिकाका जंगलको हो भन्ने नेपालीकै बुझाइ छ,&rsquo; उनले भने, &lsquo;हाम्रै मुलुकमा पनि सुन्दर वन्यजन्तु छन् भन्ने देखाउन चाहना पूरा गर्न वन्यजन्तु फोटोग्राफी रोजेको हुँ । नेपालको पर्यटन भन्नेबित्तिकै सामान्यतः हिमाली पर्यटन बुझिने अवस्था रहेकोमा त्यसलाई विविधीकरण गर्न पनि आफूले तराई क्षेत्र रोजेको उनले बताए । उनले खिचेका तस्बिरहरू निकै कलात्मक छन् । कलात्मक फ्रेमिङमा वन्यजन्तुको चाल पकडन उनी सफल छन् ।&amp;nbsp;&lt;br&gt;प्रदर्शनी अवलोकन गर्न पुगेका फोटो पत्रकार मीनरत्न बज्राचार्यले सागरले खिचेका तस्बिरहरू अन्तर्राष्ट्रिय स्तरको भएको दाबी गरे । &lsquo;जनावर एवं पक्षीहरूको चाललाई राम्रोसँग खिचेका छन्,&rsquo; उनले भने, &lsquo;यसले उनको फोटोग्राफी क्षमता त देखाउँछ नै, उनका तस्बिरहरूले नेपाललाई विश्वमाझ चिनाउन पनि मद्दत पुर्&zwj;याउँछ ।&rsquo; तस्बिर नियाल्दै गर्ने क्रममै भेटिए, रत्नराज्य लक्ष्मी क्याम्पसका फोटो पत्रकारिता अध्यापक नरेश श्रेष्ठ । उनले पनि सागरको फोटोग्राफी कम्पोजिसन &lsquo;सिर्जनात्मक र माझिएको&rsquo; भन्दै प्रशंसा गरे । &lsquo;सागरको फोटो हेरेपछि फोटो खिचेकै स्थानमा गएर ती जनावर एवं पक्षीहरू हेर्न मन लाग्छ,&rsquo; उनले भने ।&amp;nbsp;&lt;br&gt;पर्यटन बोर्ड र भिजिट नेपाल टान्टी टान्टीले प्रदर्शनी गरेको हो । बोर्डका प्रमुख कार्यकारी निर्देशक दीपकराज जोशीले फोटो प्रदर्शनीले नेपालको जैविक विविधतालाई चिनाउँदै पर्यटन प्रवर्द्धनमा टेवा पुग्ने बताए । &lsquo;जैविक सम्पदाबारे विश्वले थाहा पाउन यस्ता तस्बिरहरूले सघाउँछन्,&rsquo; उनले भने । प्रदर्शनी चैत २८ गतेसम्म जारी रहनेछ ।&lt;/p&gt;', 4, 'काठमाडौं', 'news-20190409051716526.jpg', '२०७५-चैत-२६', 2, 0, 'published', 1, '2019-04-09 21:02:16', NULL),
(38, 'समाज', 'काठमाडौँ — बाघ गर्जिरहेको छ, मयूर नाचिरहेको, चराहरू उडिरहेका छन्, एकसिंगे गैंडा मस्तसँग पानीमा पस्दै छ । साँच्चिकै हैन, तस्बिरमा । राजधानीको भृकुटी मण्डपस्थित पर्यटन बोर्डमा जारी ‘वाइल्ड लाइफ फोटो प्रदर्शनी’ मा राखिएका तस्बिरहरू भने साँच्चिकै जस्ता छन् । यी तस्बिर खिचेका हुन् चितवनका वाइल्ड लाइफ फोटोग्राफर सागर गिरीले । ', '&lt;p&gt;काठमाडौँ &mdash; बाघ गर्जिरहेको छ, मयूर नाचिरहेको, चराहरू उडिरहेका छन्, एकसिंगे गैंडा मस्तसँग पानीमा पस्दै छ । साँच्चिकै हैन, तस्बिरमा । राजधानीको भृकुटी मण्डपस्थित पर्यटन बोर्डमा जारी &lsquo;वाइल्ड लाइफ फोटो प्रदर्शनी&rsquo; मा राखिएका तस्बिरहरू भने साँच्चिकै जस्ता छन् । यी तस्बिर खिचेका हुन् चितवनका वाइल्ड लाइफ फोटोग्राफर सागर गिरीले । &amp;nbsp;&lt;br&gt;राजधानीको भृकुटीमण्डपस्थित पर्यटन बोर्डमा जारी \'वाइल्ड लाइफ फोटो प्रदर्शनी&rsquo; मा राखिएका वन्यजन्तुका तस्बिर । तस्बिर : विपिन/कान्तिपुर&amp;nbsp;&lt;br&gt;उनले वाइल्ड लाइफ फोटोग्राफी गर्न थालेको धेरै भएको छैन । आधा दशककै बीचमा उनले चितवन राष्ट्रिय निकुञ्ज, बर्दिया राष्ट्रिय निकुञ्ज, शुक्लाफाँटा राष्ट्रिय निकुञ्जलगायत तराई विभिन्न भूभागमा पुगेर अनगिन्ती तस्बिर खिच्न भ्याएका छन् । तीमध्ये एक सिंगेगैंडा, हात्ती, पातेबाघ, चितुवा, भालु, कृष्णसार, बाह्रसिंहे, गौरलगायतका जंगली जनावरसँगै मयूर, सारस, डार्टर, पोन्ड हेरोनलगायतका पक्षीहरूको ३८ थान तस्बिर यति बेला प्रदर्शनीमा हेर्न सकिन्छ ।&amp;nbsp;&lt;br&gt;नेपालको तराई भूभागमा पाइने जंगली जनावर एवं पक्षीहरूलाई विश्वमाझ चिनाउने उनको खास ध्येय हो । यसमा उनको आफ्नै धारणा पनि छ । &lsquo;फोटो र भिडियोहरूमा देखिने जनावर भन्नेबित्तिकै अफ्रिकाका जंगलको हो भन्ने नेपालीकै बुझाइ छ,&rsquo; उनले भने, &lsquo;हाम्रै मुलुकमा पनि सुन्दर वन्यजन्तु छन् भन्ने देखाउन चाहना पूरा गर्न वन्यजन्तु फोटोग्राफी रोजेको हुँ । नेपालको पर्यटन भन्नेबित्तिकै सामान्यतः हिमाली पर्यटन बुझिने अवस्था रहेकोमा त्यसलाई विविधीकरण गर्न पनि आफूले तराई क्षेत्र रोजेको उनले बताए । उनले खिचेका तस्बिरहरू निकै कलात्मक छन् । कलात्मक फ्रेमिङमा वन्यजन्तुको चाल पकडन उनी सफल छन् ।&amp;nbsp;&lt;br&gt;प्रदर्शनी अवलोकन गर्न पुगेका फोटो पत्रकार मीनरत्न बज्राचार्यले सागरले खिचेका तस्बिरहरू अन्तर्राष्ट्रिय स्तरको भएको दाबी गरे । &lsquo;जनावर एवं पक्षीहरूको चाललाई राम्रोसँग खिचेका छन्,&rsquo; उनले भने, &lsquo;यसले उनको फोटोग्राफी क्षमता त देखाउँछ नै, उनका तस्बिरहरूले नेपाललाई विश्वमाझ चिनाउन पनि मद्दत पुर्&zwj;याउँछ ।&rsquo; तस्बिर नियाल्दै गर्ने क्रममै भेटिए, रत्नराज्य लक्ष्मी क्याम्पसका फोटो पत्रकारिता अध्यापक नरेश श्रेष्ठ । उनले पनि सागरको फोटोग्राफी कम्पोजिसन &lsquo;सिर्जनात्मक र माझिएको&rsquo; भन्दै प्रशंसा गरे । &lsquo;सागरको फोटो हेरेपछि फोटो खिचेकै स्थानमा गएर ती जनावर एवं पक्षीहरू हेर्न मन लाग्छ,&rsquo; उनले भने ।&amp;nbsp;&lt;br&gt;पर्यटन बोर्ड र भिजिट नेपाल टान्टी टान्टीले प्रदर्शनी गरेको हो । बोर्डका प्रमुख कार्यकारी निर्देशक दीपकराज जोशीले फोटो प्रदर्शनीले नेपालको जैविक विविधतालाई चिनाउँदै पर्यटन प्रवर्द्धनमा टेवा पुग्ने बताए । &lsquo;जैविक सम्पदाबारे विश्वले थाहा पाउन यस्ता तस्बिरहरूले सघाउँछन्,&rsquo; उनले भने । प्रदर्शनी चैत २८ गतेसम्म जारी रहनेछ ।&lt;/p&gt;', 4, 'काठमाडौं', 'news-20190409051840266.jpg', '२०७५-चैत-२६', 2, 0, 'published', 1, '2019-04-09 21:03:40', NULL),
(39, 'पछिपछि', 'काठमाडौँ — बाघ गर्जिरहेको छ, मयूर नाचिरहेको, चराहरू उडिरहेका छन्, एकसिंगे गैंडा मस्तसँग पानीमा पस्दै छ । साँच्चिकै हैन, तस्बिरमा । राजधानीको भृकुटी मण्डपस्थित पर्यटन बोर्डमा जारी ‘वाइल्ड लाइफ फोटो प्रदर्शनी’ मा राखिएका तस्बिरहरू भने साँच्चिकै जस्ता छन् । यी तस्बिर खिचेका हुन् चितवनका वाइल्ड लाइफ फोटोग्राफर सागर गिरीले ।  राजधानीको भृकुटीमण्डपस्थित पर्यटन बोर्डमा जारी \'वाइल्ड लाइफ फोटो प्रदर्शनी’ मा राखिएका वन्यजन्तुका तस्बिर । तस्बिर : विपिन/कान्तिपुर ', '&lt;p&gt;काठमाडौँ &mdash; बाघ गर्जिरहेको छ, मयूर नाचिरहेको, चराहरू उडिरहेका छन्, एकसिंगे गैंडा मस्तसँग पानीमा पस्दै छ । साँच्चिकै हैन, तस्बिरमा । राजधानीको भृकुटी मण्डपस्थित पर्यटन बोर्डमा जारी &lsquo;वाइल्ड लाइफ फोटो प्रदर्शनी&rsquo; मा राखिएका तस्बिरहरू भने साँच्चिकै जस्ता छन् । यी तस्बिर खिचेका हुन् चितवनका वाइल्ड लाइफ फोटोग्राफर सागर गिरीले । &amp;nbsp;&lt;br&gt;राजधानीको भृकुटीमण्डपस्थित पर्यटन बोर्डमा जारी \'वाइल्ड लाइफ फोटो प्रदर्शनी&rsquo; मा राखिएका वन्यजन्तुका तस्बिर । तस्बिर : विपिन/कान्तिपुर&amp;nbsp;&lt;br&gt;उनले वाइल्ड लाइफ फोटोग्राफी गर्न थालेको धेरै भएको छैन । आधा दशककै बीचमा उनले चितवन राष्ट्रिय निकुञ्ज, बर्दिया राष्ट्रिय निकुञ्ज, शुक्लाफाँटा राष्ट्रिय निकुञ्जलगायत तराई विभिन्न भूभागमा पुगेर अनगिन्ती तस्बिर खिच्न भ्याएका छन् । तीमध्ये एक सिंगेगैंडा, हात्ती, पातेबाघ, चितुवा, भालु, कृष्णसार, बाह्रसिंहे, गौरलगायतका जंगली जनावरसँगै मयूर, सारस, डार्टर, पोन्ड हेरोनलगायतका पक्षीहरूको ३८ थान तस्बिर यति बेला प्रदर्शनीमा हेर्न सकिन्छ ।&amp;nbsp;&lt;br&gt;नेपालको तराई भूभागमा पाइने जंगली जनावर एवं पक्षीहरूलाई विश्वमाझ चिनाउने उनको खास ध्येय हो । यसमा उनको आफ्नै धारणा पनि छ । &lsquo;फोटो र भिडियोहरूमा देखिने जनावर भन्नेबित्तिकै अफ्रिकाका जंगलको हो भन्ने नेपालीकै बुझाइ छ,&rsquo; उनले भने, &lsquo;हाम्रै मुलुकमा पनि सुन्दर वन्यजन्तु छन् भन्ने देखाउन चाहना पूरा गर्न वन्यजन्तु फोटोग्राफी रोजेको हुँ । नेपालको पर्यटन भन्नेबित्तिकै सामान्यतः हिमाली पर्यटन बुझिने अवस्था रहेकोमा त्यसलाई विविधीकरण गर्न पनि आफूले तराई क्षेत्र रोजेको उनले बताए । उनले खिचेका तस्बिरहरू निकै कलात्मक छन् । कलात्मक फ्रेमिङमा वन्यजन्तुको चाल पकडन उनी सफल छन् ।&amp;nbsp;&lt;br&gt;प्रदर्शनी अवलोकन गर्न पुगेका फोटो पत्रकार मीनरत्न बज्राचार्यले सागरले खिचेका तस्बिरहरू अन्तर्राष्ट्रिय स्तरको भएको दाबी गरे । &lsquo;जनावर एवं पक्षीहरूको चाललाई राम्रोसँग खिचेका छन्,&rsquo; उनले भने, &lsquo;यसले उनको फोटोग्राफी क्षमता त देखाउँछ नै, उनका तस्बिरहरूले नेपाललाई विश्वमाझ चिनाउन पनि मद्दत पुर्&zwj;याउँछ ।&rsquo; तस्बिर नियाल्दै गर्ने क्रममै भेटिए, रत्नराज्य लक्ष्मी क्याम्पसका फोटो पत्रकारिता अध्यापक नरेश श्रेष्ठ । उनले पनि सागरको फोटोग्राफी कम्पोजिसन &lsquo;सिर्जनात्मक र माझिएको&rsquo; भन्दै प्रशंसा गरे । &lsquo;सागरको फोटो हेरेपछि फोटो खिचेकै स्थानमा गएर ती जनावर एवं पक्षीहरू हेर्न मन लाग्छ,&rsquo; उनले भने ।&amp;nbsp;&lt;br&gt;पर्यटन बोर्ड र भिजिट नेपाल टान्टी टान्टीले प्रदर्शनी गरेको हो । बोर्डका प्रमुख कार्यकारी निर्देशक दीपकराज जोशीले फोटो प्रदर्शनीले नेपालको जैविक विविधतालाई चिनाउँदै पर्यटन प्रवर्द्धनमा टेवा पुग्ने बताए । &lsquo;जैविक सम्पदाबारे विश्वले थाहा पाउन यस्ता तस्बिरहरूले सघाउँछन्,&rsquo; उनले भने । प्रदर्शनी चैत २८ गतेसम्म जारी रहनेछ ।&lt;/p&gt;', 4, 'काठमाडौं', 'news-20190409051915861.jpg', '२०७५-चैत-२६', 2, 0, 'published', 1, '2019-04-09 21:04:15', NULL);

-- --------------------------------------------------------

--
-- Table structure for table `subscribers`
--

CREATE TABLE `subscribers` (
  `id` int(11) NOT NULL,
  `email` text,
  `created_at` datetime DEFAULT CURRENT_TIMESTAMP
) ENGINE=InnoDB DEFAULT CHARSET=latin1;

--
-- Dumping data for table `subscribers`
--

INSERT INTO `subscribers` (`id`, `email`, `created_at`) VALUES
(1, 'bisaalz@gmail.com', '2019-04-09 20:10:48');

-- --------------------------------------------------------

--
-- Table structure for table `users`
--

CREATE TABLE `users` (
  `id` int(10) UNSIGNED NOT NULL,
  `full_name` text COLLATE utf8_unicode_ci,
  `email` varchar(150) COLLATE utf8_unicode_ci NOT NULL,
  `password` text COLLATE utf8_unicode_ci,
  `role` enum('admin','reporter') COLLATE utf8_unicode_ci DEFAULT 'reporter',
  `status` enum('active','inactive') COLLATE utf8_unicode_ci DEFAULT 'active',
  `image` text COLLATE utf8_unicode_ci,
  `remember_token` text COLLATE utf8_unicode_ci,
  `created_at` timestamp NOT NULL DEFAULT CURRENT_TIMESTAMP,
  `updated_at` datetime DEFAULT NULL ON UPDATE CURRENT_TIMESTAMP
) ENGINE=InnoDB DEFAULT CHARSET=utf8 COLLATE=utf8_unicode_ci;

--
-- Dumping data for table `users`
--

INSERT INTO `users` (`id`, `full_name`, `email`, `password`, `role`, `status`, `image`, `remember_token`, `created_at`, `updated_at`) VALUES
(1, 'Bishal Ghimire', 'bisaalz@gmail.com', '4768642f6f325798eb1d7a9a36097ac271ac5ad9', 'admin', 'active', 'user-20190404033730508.jpg', 'xdWABdMukwJdFCLhaFhq8WfxWgPWLizPSjNPojCHvbViTEwZCfzz7bqcxFc1KGlht1YigPayoh2V1ahdriFuAD8ZfmI5NbZ72zoR', '2019-03-25 07:00:33', '2019-04-08 12:29:56'),
(2, 'कान्तिपुर संवाददाता', 'kantipursambaddata@gmail.com', '426f4bd3a414116b60bf99487a54ef58e37744a5', 'reporter', 'active', NULL, 'h1XpR92j0X5PQF3oXa7PBcC6fZUXvdZthhyev7zjLl2zv7N0jbi1mnzB42SCICM8mg0oTosUMfu19u8IPj3KnIJljFuQcodDqS1S', '2019-03-25 07:00:33', '2019-04-08 07:57:52');

-- --------------------------------------------------------

--
-- Table structure for table `videos`
--

CREATE TABLE `videos` (
  `id` int(11) NOT NULL,
  `title` text COLLATE utf8_unicode_ci,
  `summary` text COLLATE utf8_unicode_ci,
  `video_link` text COLLATE utf8_unicode_ci,
  `video_id` varchar(25) COLLATE utf8_unicode_ci DEFAULT NULL,
  `status` enum('active','inactive') COLLATE utf8_unicode_ci DEFAULT 'active',
  `added_by` int(11) DEFAULT NULL,
  `created_at` datetime DEFAULT CURRENT_TIMESTAMP,
  `updated_at` datetime DEFAULT NULL ON UPDATE CURRENT_TIMESTAMP
) ENGINE=InnoDB DEFAULT CHARSET=utf8 COLLATE=utf8_unicode_ci;

--
-- Dumping data for table `videos`
--

INSERT INTO `videos` (`id`, `title`, `summary`, `video_link`, `video_id`, `status`, `added_by`, `created_at`, `updated_at`) VALUES
(2, 'देश र दुनियाँका मुख्य समाचार', 'देश र दुनियाँका मुख्य समाचार || चैत २५ बिहान ७:००', 'https://www.youtube.com/watch?v=C3kcW_Q87DE', 'C3kcW_Q87DE', 'active', 1, '2019-04-08 08:41:10', NULL),
(3, 'विप्लबसँगको विकल्प सकिएकै हो त ? बिष्णु रिमाललाई प्रश्न !', 'विप्लबसँगको विकल्प सकिएकै हो त ? बिष्णु रिमाललाई प्रश्न !', 'https://www.youtube.com/watch?v=HsJaVS7ZeAg', 'HsJaVS7ZeAg', 'active', 1, '2019-04-08 08:42:11', NULL),
(4, 'विप्लव प्रतिबन्धः सनक कि समाधान ? || रघुजी पन्त || आहुति', 'विप्लव प्रतिबन्धः सनक कि समाधान ? || रघुजी पन्त || आहुति', 'https://www.youtube.com/watch?v=ixCRsWZwL9o', 'ixCRsWZwL9o', 'active', 1, '2019-04-08 08:43:21', NULL),
(5, 'जोकोहीलाई वंशजको नागरिकता दिने अधिकार गृहमन्त्रीलाई कसले दियो ?', 'जोकोहीलाई वंशजको नागरिकता दिने अधिकार गृहमन्त्रीलाई कसले दियो ?', 'https://www.youtube.com/watch?v=shl8SfZ05LA', 'shl8SfZ05LA', 'active', 1, '2019-04-08 08:45:05', NULL);

--
-- Indexes for dumped tables
--

--
-- Indexes for table `categories`
--
ALTER TABLE `categories`
  ADD PRIMARY KEY (`id`);

--
-- Indexes for table `galleries`
--
ALTER TABLE `galleries`
  ADD PRIMARY KEY (`id`);

--
-- Indexes for table `gallery_images`
--
ALTER TABLE `gallery_images`
  ADD PRIMARY KEY (`id`),
  ADD KEY `gallery_id` (`gallery_id`);

--
-- Indexes for table `news`
--
ALTER TABLE `news`
  ADD PRIMARY KEY (`id`),
  ADD KEY `cat_id` (`cat_id`),
  ADD KEY `reporter_id` (`reporter_id`);

--
-- Indexes for table `subscribers`
--
ALTER TABLE `subscribers`
  ADD PRIMARY KEY (`id`);

--
-- Indexes for table `users`
--
ALTER TABLE `users`
  ADD PRIMARY KEY (`id`),
  ADD UNIQUE KEY `email` (`email`);

--
-- Indexes for table `videos`
--
ALTER TABLE `videos`
  ADD PRIMARY KEY (`id`);

--
-- AUTO_INCREMENT for dumped tables
--

--
-- AUTO_INCREMENT for table `categories`
--
ALTER TABLE `categories`
  MODIFY `id` int(11) NOT NULL AUTO_INCREMENT, AUTO_INCREMENT=12;

--
-- AUTO_INCREMENT for table `galleries`
--
ALTER TABLE `galleries`
  MODIFY `id` int(11) NOT NULL AUTO_INCREMENT, AUTO_INCREMENT=5;

--
-- AUTO_INCREMENT for table `gallery_images`
--
ALTER TABLE `gallery_images`
  MODIFY `id` int(11) NOT NULL AUTO_INCREMENT, AUTO_INCREMENT=16;

--
-- AUTO_INCREMENT for table `news`
--
ALTER TABLE `news`
  MODIFY `id` bigint(20) UNSIGNED NOT NULL AUTO_INCREMENT, AUTO_INCREMENT=40;

--
-- AUTO_INCREMENT for table `subscribers`
--
ALTER TABLE `subscribers`
  MODIFY `id` int(11) NOT NULL AUTO_INCREMENT, AUTO_INCREMENT=2;

--
-- AUTO_INCREMENT for table `users`
--
ALTER TABLE `users`
  MODIFY `id` int(10) UNSIGNED NOT NULL AUTO_INCREMENT, AUTO_INCREMENT=3;

--
-- AUTO_INCREMENT for table `videos`
--
ALTER TABLE `videos`
  MODIFY `id` int(11) NOT NULL AUTO_INCREMENT, AUTO_INCREMENT=6;

--
-- Constraints for dumped tables
--

--
-- Constraints for table `gallery_images`
--
ALTER TABLE `gallery_images`
  ADD CONSTRAINT `gallery_images_ibfk_1` FOREIGN KEY (`gallery_id`) REFERENCES `galleries` (`id`) ON DELETE CASCADE ON UPDATE CASCADE;

--
-- Constraints for table `news`
--
ALTER TABLE `news`
  ADD CONSTRAINT `news_ibfk_1` FOREIGN KEY (`cat_id`) REFERENCES `categories` (`id`) ON DELETE SET NULL ON UPDATE CASCADE,
  ADD CONSTRAINT `news_ibfk_2` FOREIGN KEY (`reporter_id`) REFERENCES `users` (`id`) ON DELETE SET NULL ON UPDATE CASCADE;
COMMIT;

/*!40101 SET CHARACTER_SET_CLIENT=@OLD_CHARACTER_SET_CLIENT */;
/*!40101 SET CHARACTER_SET_RESULTS=@OLD_CHARACTER_SET_RESULTS */;
/*!40101 SET COLLATION_CONNECTION=@OLD_COLLATION_CONNECTION */;
